age,study_hours_per_day,social_media_hours,netflix_hours,attendance_percentage,sleep_hours,diet_quality,exercise_frequency,internet_quality,mental_health_rating,result,sleep_study_interaction,social_mental_interaction,study_mental_interaction,sleep_study_ratio,study_social_ratio
23,0.0,1.2,1.1,85.0,8.0,1,6,1,8,1,0.0,9.6,0.0,1.0,0.0
20,6.9,2.8,2.3,97.3,4.6,2,6,1,8,3,31.74,22.4,55.2,0.39999999999999997,0.7113402061855671
21,1.4,3.1,1.3,94.8,8.0,0,1,0,1,0,11.2,3.1,1.4,0.851063829787234,0.3111111111111111
23,1.0,3.9,1.0,71.0,9.2,0,4,2,1,0,9.2,3.9,1.0,0.9019607843137255,0.2040816326530612
19,5.0,4.4,0.5,90.9,4.9,1,3,2,1,2,24.5,4.4,5.0,0.494949494949495,0.5319148936170213
24,7.2,1.3,0.0,82.9,7.4,1,1,1,4,3,53.28,5.2,28.8,0.5068493150684932,0.8470588235294118
21,5.6,1.5,1.4,85.8,6.5,2,2,0,4,3,36.4,6.0,22.4,0.5371900826446281,0.7887323943661971
21,4.3,1.0,2.0,77.7,4.6,1,0,1,8,2,19.779999999999998,8.0,34.4,0.5168539325842697,0.8113207547169812
23,4.4,2.2,1.7,100.0,7.1,2,3,2,1,2,31.240000000000002,2.2,4.4,0.6173913043478261,0.6666666666666666
18,4.8,3.1,1.3,95.4,7.5,2,5,2,10,3,36.0,31.0,48.0,0.6097560975609756,0.6075949367088607
19,4.6,3.7,0.8,77.6,5.8,1,1,2,3,2,26.679999999999996,11.100000000000001,13.799999999999999,0.5576923076923077,0.5542168674698794
23,3.9,2.4,2.5,71.7,7.9,1,2,1,1,2,30.810000000000002,2.4,3.9,0.6694915254237288,0.6190476190476191
19,3.7,2.1,0.4,81.1,4.5,1,1,2,9,2,16.650000000000002,18.900000000000002,33.300000000000004,0.5487804878048781,0.6379310344827586
19,3.4,2.7,2.7,89.3,4.7,1,4,2,10,2,15.98,27.0,34.0,0.5802469135802469,0.5573770491803279
24,2.4,1.5,0.7,87.4,6.7,0,6,1,9,2,16.08,13.5,21.599999999999998,0.7362637362637363,0.6153846153846154
21,3.1,5.0,1.0,97.5,6.5,2,6,1,7,2,20.150000000000002,35.0,21.7,0.6770833333333334,0.3827160493827161
20,1.0,0.6,0.2,92.9,5.6,0,3,0,8,1,5.6,4.8,8.0,0.8484848484848485,0.625
24,3.4,2.7,1.2,94.7,7.5,0,0,1,1,2,25.5,2.7,3.4,0.6880733944954128,0.5573770491803279
24,2.0,4.9,2.9,88.3,7.1,2,2,2,5,1,14.2,24.5,10.0,0.7802197802197802,0.2898550724637681
19,1.8,2.5,2.4,71.1,7.5,1,1,1,2,1,13.5,5.0,3.6,0.8064516129032258,0.4186046511627907
22,3.8,2.3,2.9,83.0,6.4,2,3,2,1,1,24.32,2.3,3.8,0.627450980392157,0.6229508196721312
21,5.6,2.1,2.4,95.6,7.2,1,1,2,3,3,40.32,6.300000000000001,16.799999999999997,0.5625,0.7272727272727273
18,4.9,2.3,0.6,84.5,6.0,1,3,1,7,3,29.400000000000002,16.099999999999998,34.300000000000004,0.5504587155963303,0.6805555555555556
24,1.1,4.1,1.4,90.0,9.0,1,6,2,1,1,9.9,4.1,1.1,0.8910891089108911,0.2115384615384616
20,2.0,0.0,0.9,81.8,5.5,1,4,1,2,1,11.0,0.0,4.0,0.7333333333333333,1.0
22,4.9,4.3,3.3,74.7,9.0,1,1,1,2,2,44.1,8.6,9.8,0.6474820143884892,0.532608695652174
22,2.0,0.8,0.5,83.8,6.5,2,4,0,4,2,13.0,3.2,8.0,0.7647058823529411,0.7142857142857143
18,3.2,2.2,2.8,88.1,4.8,1,5,1,3,2,15.36,6.6000000000000005,9.600000000000001,0.6,0.5925925925925926
24,4.3,2.0,2.8,78.4,8.1,2,5,0,3,3,34.83,6.0,12.899999999999999,0.653225806451613,0.6825396825396826
20,2.0,3.2,3.8,82.6,6.7,0,6,0,10,2,13.4,32.0,20.0,0.7701149425287357,0.3846153846153846
21,3.7,0.6,1.3,75.6,7.5,1,2,1,5,2,27.75,3.0,18.5,0.6696428571428572,0.8604651162790699
17,1.5,3.1,2.6,96.2,8.0,1,4,1,3,1,12.0,9.3,4.5,0.8421052631578947,0.32608695652173914
20,2.6,4.9,4.3,82.1,6.9,2,3,2,7,1,17.94,34.300000000000004,18.2,0.7263157894736842,0.3466666666666667
18,4.0,0.9,1.1,99.5,5.8,0,2,1,5,2,23.2,4.5,20.0,0.5918367346938775,0.8163265306122448
22,1.1,2.7,0.1,100.0,7.7,1,1,2,4,1,8.47,10.8,4.4,0.875,0.2894736842105263
21,4.2,1.7,0.0,84.2,6.5,2,1,1,3,2,27.3,5.1,12.600000000000001,0.6074766355140188,0.711864406779661
20,3.5,3.0,2.6,74.9,7.3,1,3,2,4,2,25.55,12.0,14.0,0.6759259259259258,0.5384615384615384
17,4.3,2.5,0.0,64.1,3.9,2,0,1,2,1,16.77,5.0,8.6,0.475609756097561,0.6323529411764706
17,3.8,1.7,1.4,70.3,7.0,0,0,2,1,1,26.599999999999998,1.7,3.8,0.6481481481481481,0.6909090909090909
19,5.5,3.1,2.3,71.3,5.7,2,1,1,3,3,31.35,9.3,16.5,0.5089285714285715,0.6395348837209303
19,3.7,4.7,2.0,98.8,8.5,2,6,2,2,2,31.450000000000003,9.4,7.4,0.6967213114754098,0.44047619047619047
23,2.9,2.3,2.3,86.2,7.2,2,6,1,1,2,20.88,2.3,2.9,0.712871287128713,0.5576923076923077
18,3.7,3.4,2.0,88.9,6.8,1,3,0,1,2,25.16,3.4,3.7,0.6476190476190476,0.5211267605633804
24,4.3,0.9,3.2,62.8,7.1,0,0,2,2,2,30.529999999999998,1.8,8.6,0.6228070175438597,0.8269230769230769
20,3.6,1.4,0.8,73.0,5.3,2,4,0,9,2,19.08,12.6,32.4,0.5955056179775281,0.72
20,3.6,3.1,1.1,93.9,8.4,1,1,1,5,2,30.240000000000002,15.5,18.0,0.7000000000000001,0.5373134328358209
24,2.4,4.3,1.0,87.9,8.9,0,5,1,9,2,21.36,38.699999999999996,21.599999999999998,0.7876106194690266,0.35820895522388063
23,2.5,2.9,2.7,83.5,7.0,2,4,2,8,1,17.5,23.2,20.0,0.7368421052631579,0.4629629629629629
22,1.4,2.1,2.8,90.6,8.4,1,3,2,6,1,11.76,12.600000000000001,8.399999999999999,0.8571428571428571,0.39999999999999997
22,6.1,2.5,2.3,100.0,5.8,0,5,1,1,3,35.379999999999995,2.5,6.1,0.4873949579831933,0.7093023255813954
23,1.6,1.0,3.1,82.8,5.5,1,4,2,10,2,8.8,10.0,16.0,0.7746478873239437,0.6153846153846154
22,2.5,3.2,0.5,85.7,6.5,0,0,1,5,1,16.25,16.0,12.5,0.7222222222222222,0.43859649122807015
19,2.4,3.6,3.6,86.9,7.0,1,6,1,1,1,16.8,3.6,2.4,0.7446808510638298,0.39999999999999997
20,4.8,2.0,3.5,100.0,6.0,2,0,2,7,2,28.799999999999997,14.0,33.6,0.5555555555555555,0.7058823529411765
23,3.1,1.9,2.6,64.0,7.1,1,5,2,10,2,22.009999999999998,19.0,31.0,0.696078431372549,0.62
20,5.4,2.8,3.8,91.8,6.9,2,2,2,8,3,37.260000000000005,22.4,43.2,0.5609756097560975,0.6585365853658538
24,2.5,2.0,0.0,83.9,5.3,2,6,1,8,2,13.25,16.0,20.0,0.6794871794871795,0.5555555555555556
17,3.9,2.4,1.2,90.7,7.1,2,1,1,7,2,27.689999999999998,16.8,27.3,0.6454545454545454,0.6190476190476191
19,2.2,5.0,1.0,78.4,7.5,0,5,1,2,1,16.5,10.0,4.4,0.7731958762886598,0.3055555555555556
21,6.7,2.2,2.6,84.5,6.7,2,3,1,5,3,44.89,11.0,33.5,0.5,0.7528089887640449
19,1.7,2.1,0.6,92.1,7.9,1,1,1,4,2,13.43,8.4,6.8,0.8229166666666667,0.4473684210526316
23,4.0,1.7,2.6,100.0,5.0,1,4,2,5,2,20.0,8.5,20.0,0.5555555555555556,0.7017543859649122
21,4.5,3.4,3.3,93.1,7.1,2,6,2,10,3,31.95,34.0,45.0,0.6120689655172413,0.5696202531645569
17,4.1,2.3,2.6,76.5,5.1,1,3,1,9,2,20.909999999999997,20.7,36.9,0.5543478260869565,0.640625
23,3.2,1.7,2.1,80.8,5.2,2,3,0,4,2,16.64,6.8,12.8,0.6190476190476191,0.6530612244897959
18,3.3,4.1,0.7,80.5,5.7,0,0,2,8,2,18.81,32.8,26.4,0.6333333333333333,0.44594594594594594
20,3.6,4.2,0.9,67.0,5.4,2,4,1,8,2,19.44,33.6,28.8,0.6000000000000001,0.4615384615384615
17,3.3,1.8,3.2,81.7,5.8,0,0,2,2,2,19.139999999999997,3.6,6.6,0.6373626373626373,0.6470588235294118
20,4.9,0.3,2.7,92.3,6.2,2,0,0,6,3,30.380000000000003,1.7999999999999998,29.400000000000002,0.5585585585585585,0.9423076923076923
22,6.8,3.7,1.8,72.3,7.5,0,6,1,5,3,51.0,18.5,34.0,0.5244755244755245,0.6476190476190476
18,2.7,1.7,1.3,95.5,6.1,0,2,2,2,1,16.47,3.4,5.4,0.6931818181818181,0.6136363636363636
18,1.4,3.4,0.0,89.9,4.6,1,0,0,10,1,6.4399999999999995,34.0,14.0,0.7666666666666666,0.2916666666666667
17,3.4,0.1,0.6,77.7,7.9,1,1,1,4,2,26.86,0.4,13.6,0.6991150442477876,0.9714285714285714
18,7.4,3.6,3.9,83.6,5.5,1,3,1,7,3,40.7,25.2,51.800000000000004,0.4263565891472868,0.6727272727272727
21,2.3,1.0,0.4,100.0,6.4,1,6,2,1,2,14.719999999999999,1.0,2.3,0.7356321839080461,0.6969696969696969
18,6.0,3.4,2.0,92.3,7.0,1,0,2,9,3,42.0,30.599999999999998,54.0,0.5384615384615384,0.6382978723404255
20,6.0,2.5,2.9,85.1,6.7,0,5,1,10,3,40.2,25.0,60.0,0.5275590551181103,0.7058823529411765
20,2.7,1.4,0.4,82.6,7.8,1,1,0,1,1,21.060000000000002,1.4,2.7,0.7428571428571429,0.6585365853658538
23,4.4,2.0,2.0,85.8,7.1,2,4,2,5,2,31.240000000000002,10.0,22.0,0.6173913043478261,0.6875
20,5.9,3.3,2.8,79.9,5.5,2,3,1,7,3,32.45,23.099999999999998,41.300000000000004,0.4824561403508772,0.641304347826087
23,2.9,2.6,1.8,64.0,9.1,2,6,2,8,2,26.389999999999997,20.8,23.2,0.7583333333333333,0.5272727272727272
20,3.2,3.2,5.0,100.0,6.7,2,5,0,2,1,21.44,6.4,6.4,0.6767676767676768,0.5
21,2.6,4.9,0.0,86.6,6.3,1,6,0,4,2,16.38,19.6,10.4,0.7078651685393258,0.3466666666666667
24,2.0,0.6,3.0,89.0,7.7,0,6,2,2,1,15.4,1.2,4.0,0.7938144329896908,0.7692307692307692
23,2.5,4.4,1.6,84.4,6.8,1,5,1,4,1,17.0,17.6,10.0,0.7311827956989246,0.36231884057971014
19,1.7,2.6,2.6,77.6,7.0,2,4,2,6,1,11.9,15.600000000000001,10.2,0.8045977011494253,0.3953488372093023
22,3.6,1.4,2.3,83.1,9.5,2,5,0,6,2,34.2,8.399999999999999,21.6,0.7251908396946565,0.72
17,2.3,0.9,1.0,69.0,6.2,1,1,1,2,1,14.26,1.8,4.6,0.7294117647058824,0.71875
20,3.9,2.3,2.1,100.0,6.1,0,6,2,4,2,23.79,9.2,15.6,0.61,0.6290322580645162
18,1.2,3.6,0.0,72.7,6.6,0,4,1,4,1,7.919999999999999,14.4,4.8,0.8461538461538461,0.25
24,4.0,2.3,2.5,74.7,7.8,1,6,2,1,2,31.2,2.3,4.0,0.6610169491525423,0.6349206349206349
20,4.8,4.3,2.1,80.6,4.7,1,5,1,2,2,22.56,8.6,9.6,0.4947368421052632,0.5274725274725275
18,0.5,0.8,2.5,97.9,4.1,0,4,2,3,1,2.05,2.4000000000000004,1.5,0.8913043478260869,0.3846153846153846
22,4.1,2.5,3.0,85.1,5.8,2,4,2,5,2,23.779999999999998,12.5,20.5,0.585858585858586,0.6212121212121212
22,5.3,1.0,2.2,72.6,4.5,1,0,1,8,3,23.849999999999998,8.0,42.4,0.4591836734693877,0.8412698412698413
22,1.7,2.9,2.0,97.5,6.0,2,0,2,6,1,10.2,17.4,10.2,0.7792207792207793,0.3695652173913044
18,6.0,3.6,0.8,92.3,7.1,2,0,2,3,3,42.599999999999994,10.8,18.0,0.5419847328244275,0.625
20,4.1,2.0,1.0,90.4,5.4,2,5,1,6,3,22.14,12.0,24.599999999999998,0.5684210526315789,0.6721311475409836
22,2.4,0.0,3.1,92.2,4.8,2,3,2,7,2,11.52,0.0,16.8,0.6666666666666667,1.0
21,3.4,2.7,3.4,100.0,6.6,2,1,2,6,2,22.439999999999998,16.200000000000003,20.4,0.6599999999999999,0.5573770491803279
23,4.3,3.0,1.5,100.0,7.5,2,5,1,10,3,32.25,30.0,43.0,0.635593220338983,0.589041095890411
18,3.6,3.0,1.9,78.1,4.5,2,6,1,6,2,16.2,18.0,21.6,0.5555555555555556,0.5454545454545455
18,4.3,4.0,0.8,100.0,7.5,1,0,1,1,2,32.25,4.0,4.3,0.635593220338983,0.5180722891566264
20,2.1,1.2,3.1,88.8,7.5,2,4,1,3,1,15.75,3.5999999999999996,6.300000000000001,0.78125,0.6363636363636365
18,3.8,3.3,2.5,90.0,7.6,2,5,2,7,2,28.88,23.099999999999998,26.599999999999998,0.6666666666666667,0.5352112676056338
18,1.4,3.9,3.9,68.1,8.0,2,4,1,4,0,11.2,15.6,5.6,0.851063829787234,0.2641509433962264
22,3.3,0.4,0.8,83.3,9.1,2,6,2,4,3,30.029999999999998,1.6,13.2,0.7338709677419355,0.8918918918918919
20,2.1,2.9,1.4,76.9,6.1,1,4,1,7,2,12.81,20.3,14.700000000000001,0.7439024390243902,0.42000000000000004
22,2.4,1.9,2.1,93.3,6.6,0,4,1,9,2,15.839999999999998,17.099999999999998,21.599999999999998,0.7333333333333333,0.5581395348837209
23,5.4,2.4,2.5,95.7,6.0,1,2,2,2,2,32.400000000000006,4.8,10.8,0.5263157894736842,0.6923076923076923
24,5.1,2.9,1.6,64.3,6.5,1,3,1,9,3,33.15,26.099999999999998,45.9,0.560344827586207,0.6375
23,4.4,1.9,0.8,84.8,8.3,2,1,1,3,2,36.52,5.699999999999999,13.200000000000001,0.6535433070866141,0.6984126984126984
24,1.9,1.7,2.8,96.2,4.9,1,1,0,6,1,9.31,10.2,11.399999999999999,0.7205882352941176,0.5277777777777778
22,3.0,2.5,2.6,83.1,5.5,1,0,1,4,1,16.5,10.0,12.0,0.6470588235294118,0.5454545454545454
23,5.3,1.2,0.8,92.3,8.2,1,2,1,1,3,43.459999999999994,1.2,5.3,0.6074074074074074,0.8153846153846154
20,3.7,1.2,3.3,88.5,7.7,0,5,2,9,3,28.490000000000002,10.799999999999999,33.300000000000004,0.6754385964912281,0.7551020408163265
17,7.0,3.3,3.1,88.4,6.1,2,5,1,6,3,42.699999999999996,19.799999999999997,42.0,0.46564885496183206,0.6796116504854368
22,4.1,1.1,1.9,82.3,7.5,2,1,2,8,3,30.749999999999996,8.8,32.8,0.646551724137931,0.7884615384615385
24,3.8,3.3,1.9,72.8,6.9,0,3,2,2,1,26.22,6.6,7.6,0.6448598130841122,0.5352112676056338
21,3.0,3.1,2.4,73.8,8.3,1,4,1,7,2,24.900000000000002,21.7,21.0,0.7345132743362832,0.49180327868852464
24,3.7,0.4,0.9,92.1,6.6,1,6,1,6,3,24.419999999999998,2.4000000000000004,22.200000000000003,0.6407766990291262,0.9024390243902438
21,3.3,1.7,1.8,85.2,7.7,0,0,2,2,2,25.41,3.4,6.6,0.7000000000000001,0.6599999999999999
18,4.6,3.9,0.0,83.6,9.7,0,3,2,2,3,44.61999999999999,7.8,9.2,0.6783216783216783,0.5411764705882353
23,4.9,1.3,2.8,80.8,7.2,2,1,1,4,2,35.28,5.2,19.6,0.5950413223140495,0.7903225806451614
21,2.3,1.9,0.1,81.9,6.6,1,2,1,4,2,15.179999999999998,7.6,9.2,0.7415730337078652,0.5476190476190477
24,1.5,3.1,3.5,95.5,7.4,1,0,1,3,1,11.100000000000001,9.3,4.5,0.8314606741573034,0.32608695652173914
18,0.7,3.4,1.4,81.6,6.1,0,1,0,8,1,4.27,27.2,5.6,0.8970588235294117,0.17073170731707318
17,4.3,2.2,1.6,71.6,9.4,2,5,2,7,3,40.42,15.400000000000002,30.099999999999998,0.6861313868613139,0.6615384615384615
20,1.8,1.8,1.1,92.4,6.7,2,0,2,2,1,12.06,3.6,3.6,0.788235294117647,0.5
20,0.3,4.2,1.5,83.0,6.2,2,1,1,3,0,1.8599999999999999,12.600000000000001,0.8999999999999999,0.9538461538461539,0.06666666666666667
20,4.1,4.6,3.4,85.3,5.5,0,5,2,10,3,22.549999999999997,46.0,41.0,0.5729166666666667,0.47126436781609193
21,7.2,3.7,0.0,100.0,7.8,2,6,2,9,3,56.16,33.300000000000004,64.8,0.52,0.6605504587155964
17,3.5,2.6,3.2,84.8,7.5,1,5,1,5,2,26.25,13.0,17.5,0.6818181818181818,0.5737704918032788
21,4.8,1.5,2.2,87.9,5.9,1,4,0,2,2,28.32,3.0,9.6,0.5514018691588786,0.7619047619047619
23,3.6,1.5,0.5,73.2,7.2,1,2,2,3,2,25.92,4.5,10.8,0.6666666666666666,0.7058823529411765
21,3.4,3.1,0.6,82.8,4.7,1,4,2,8,2,15.98,24.8,27.2,0.5802469135802469,0.5230769230769231
17,4.9,3.0,3.6,91.1,6.7,2,1,2,4,2,32.830000000000005,12.0,19.6,0.5775862068965517,0.620253164556962
17,3.1,4.2,0.8,69.4,7.0,2,6,0,2,2,21.7,8.4,6.2,0.6930693069306931,0.4246575342465753
23,3.9,3.3,0.5,87.0,8.5,1,3,1,2,2,33.15,6.6,7.8,0.6854838709677419,0.5416666666666667
17,4.0,0.7,3.1,86.0,5.6,2,6,0,6,3,22.4,4.199999999999999,24.0,0.5833333333333334,0.851063829787234
24,2.5,3.8,2.2,85.4,5.0,2,6,2,8,2,12.5,30.4,20.0,0.6666666666666666,0.39682539682539686
17,5.0,1.3,0.8,95.4,5.4,2,6,2,7,3,27.0,9.1,35.0,0.5192307692307693,0.7936507936507937
20,3.2,2.0,2.0,88.3,4.9,1,4,0,4,2,15.680000000000001,8.0,12.8,0.6049382716049382,0.6153846153846154
24,2.4,2.8,0.7,99.8,8.1,1,3,2,2,2,19.439999999999998,5.6,4.8,0.7714285714285714,0.46153846153846156
24,4.3,4.9,3.0,75.1,8.4,1,5,2,9,2,36.12,44.1,38.699999999999996,0.6614173228346457,0.4673913043478261
23,2.2,6.2,3.0,86.4,6.9,2,1,2,4,1,15.180000000000001,24.8,8.8,0.7582417582417582,0.2619047619047619
19,3.5,3.2,2.4,85.8,8.0,0,2,2,9,2,28.0,28.8,31.5,0.6956521739130435,0.5223880597014925
19,3.5,2.3,2.2,74.3,6.7,1,3,0,5,2,23.45,11.5,17.5,0.6568627450980393,0.603448275862069
17,5.1,3.1,3.7,94.6,6.4,1,1,2,7,3,32.64,21.7,35.699999999999996,0.5565217391304348,0.6219512195121951
24,4.2,3.6,1.8,100.0,6.1,1,3,0,5,2,25.62,18.0,21.0,0.5922330097087378,0.5384615384615384
19,3.5,2.1,0.5,84.8,6.1,2,4,1,2,2,21.349999999999998,4.2,7.0,0.6354166666666666,0.625
19,4.7,4.7,2.3,90.1,4.6,2,1,2,6,2,21.619999999999997,28.200000000000003,28.200000000000003,0.49462365591397844,0.5
17,5.6,2.8,4.1,85.8,6.8,2,4,2,7,3,38.08,19.599999999999998,39.199999999999996,0.5483870967741936,0.6666666666666667
19,4.3,3.1,0.7,77.9,6.5,2,0,1,6,3,27.95,18.6,25.799999999999997,0.6018518518518519,0.581081081081081
21,3.5,3.3,1.4,66.8,7.4,1,1,2,3,2,25.900000000000002,9.899999999999999,10.5,0.6788990825688074,0.5147058823529412
18,1.5,3.0,2.3,77.9,6.6,1,3,2,10,1,9.899999999999999,30.0,15.0,0.8148148148148148,0.3333333333333333
23,1.9,3.5,1.7,71.1,6.3,1,0,2,8,1,11.969999999999999,28.0,15.2,0.7682926829268293,0.3518518518518518
18,3.0,1.8,0.7,100.0,5.5,0,4,0,3,1,16.5,5.4,9.0,0.6470588235294118,0.625
17,2.6,1.8,3.0,83.8,6.6,1,4,2,5,2,17.16,9.0,13.0,0.717391304347826,0.5909090909090908
20,3.2,1.2,4.4,81.5,7.4,2,3,1,9,2,23.680000000000003,10.799999999999999,28.8,0.6981132075471698,0.7272727272727273
23,3.6,3.0,2.0,93.9,5.1,1,0,1,5,2,18.36,15.0,18.0,0.5862068965517242,0.5454545454545455
17,4.3,3.4,0.8,73.8,6.6,2,6,1,7,2,28.38,23.8,30.099999999999998,0.6055045871559633,0.5584415584415585
24,3.4,3.0,0.1,77.3,6.8,1,5,1,7,3,23.119999999999997,21.0,23.8,0.6666666666666667,0.53125
20,4.2,4.5,2.1,85.7,5.6,0,2,2,5,2,23.52,22.5,21.0,0.5714285714285714,0.48275862068965525
18,3.6,2.5,3.0,95.3,5.8,0,3,1,2,2,20.88,5.0,7.2,0.6170212765957447,0.5901639344262296
17,0.5,3.3,2.3,90.0,6.8,1,4,2,5,0,3.4,16.5,2.5,0.9315068493150684,0.13157894736842105
24,2.1,1.2,1.8,87.5,5.1,1,1,1,7,2,10.709999999999999,8.4,14.700000000000001,0.7083333333333334,0.6363636363636365
23,3.3,2.0,1.2,85.8,6.9,0,0,2,7,2,22.77,14.0,23.099999999999998,0.6764705882352942,0.6226415094339622
23,1.7,3.3,0.6,89.0,5.4,1,5,2,4,1,9.18,13.2,6.8,0.7605633802816901,0.33999999999999997
22,4.4,3.5,2.7,87.0,7.8,1,2,2,1,2,34.32,3.5,4.4,0.639344262295082,0.5569620253164557
24,5.8,2.1,2.8,74.7,9.3,1,1,2,6,3,53.940000000000005,12.600000000000001,34.8,0.6158940397350994,0.7341772151898733
21,5.3,2.4,0.1,85.5,5.5,2,0,2,3,3,29.15,7.199999999999999,15.899999999999999,0.5092592592592592,0.6883116883116883
19,3.2,0.7,3.5,74.3,7.1,2,5,2,5,2,22.72,3.5,16.0,0.6893203883495145,0.8205128205128205
20,5.7,2.1,2.4,85.8,5.6,1,3,2,4,3,31.919999999999998,8.4,22.8,0.495575221238938,0.7307692307692307
24,3.7,3.6,3.3,80.2,7.7,2,5,0,2,2,28.490000000000002,7.2,7.4,0.6754385964912281,0.5068493150684932
22,3.0,3.2,0.3,100.0,5.0,2,3,2,7,2,15.0,22.400000000000002,21.0,0.625,0.48387096774193544
19,2.6,3.1,0.3,84.6,7.1,2,6,1,5,2,18.46,15.5,13.0,0.731958762886598,0.45614035087719296
19,3.0,2.6,1.6,71.0,5.5,1,0,1,7,1,16.5,18.2,21.0,0.6470588235294118,0.5357142857142857
17,2.9,2.5,2.4,83.7,6.3,0,5,2,9,2,18.27,22.5,26.099999999999998,0.6847826086956522,0.537037037037037
19,3.8,1.7,3.8,90.2,5.3,2,2,1,4,1,20.139999999999997,6.8,15.2,0.5824175824175825,0.6909090909090909
21,3.7,3.3,2.6,100.0,7.5,1,5,2,5,2,27.75,16.5,18.5,0.6696428571428572,0.5285714285714286
23,3.5,3.0,1.5,79.1,5.5,2,0,1,9,2,19.25,27.0,31.5,0.6111111111111112,0.5384615384615384
22,4.2,3.1,0.7,69.2,7.2,2,1,0,10,2,30.240000000000002,31.0,42.0,0.631578947368421,0.5753424657534246
19,5.3,1.9,3.2,93.2,6.1,1,1,1,4,3,32.33,7.6,21.2,0.5350877192982456,0.7361111111111112
17,4.9,0.0,0.7,71.2,6.4,1,5,0,5,3,31.360000000000003,0.0,24.5,0.5663716814159292,1.0
21,1.3,3.8,3.6,80.6,6.7,1,5,2,5,1,8.71,19.0,6.5,0.8375,0.25490196078431376
18,0.0,1.9,1.5,82.4,5.6,1,3,1,8,1,0.0,15.2,0.0,1.0,0.0
23,4.9,1.5,3.5,84.3,6.8,1,0,1,4,2,33.32,6.0,19.6,0.5811965811965812,0.765625
23,1.4,3.3,2.5,91.9,8.3,1,3,0,4,1,11.620000000000001,13.2,5.6,0.8556701030927835,0.29787234042553196
22,3.2,2.0,1.6,78.2,5.6,1,2,1,7,2,17.919999999999998,14.0,22.400000000000002,0.6363636363636362,0.6153846153846154
23,1.7,3.8,1.2,82.3,7.9,0,6,2,5,1,13.43,19.0,8.5,0.8229166666666667,0.3090909090909091
19,0.8,3.2,1.4,84.9,8.3,2,1,1,6,1,6.640000000000001,19.200000000000003,4.800000000000001,0.9120879120879121,0.2
17,4.3,3.3,2.3,86.5,5.5,0,4,2,6,2,23.65,19.799999999999997,25.799999999999997,0.5612244897959183,0.5657894736842105
23,4.6,0.9,1.9,86.0,4.8,2,4,2,6,3,22.08,5.4,27.599999999999998,0.5106382978723405,0.8363636363636363
23,2.6,4.0,1.1,89.4,6.9,2,0,2,10,2,17.94,40.0,26.0,0.7263157894736842,0.393939393939394
18,0.0,2.8,1.6,93.4,5.8,1,0,2,5,0,0.0,14.0,0.0,1.0,0.0
18,2.7,2.1,1.9,88.9,8.7,2,4,0,5,2,23.49,10.5,13.5,0.7631578947368421,0.5625
20,4.1,2.7,0.0,89.5,6.5,1,0,1,9,3,26.65,24.3,36.9,0.6132075471698113,0.6029411764705882
21,1.3,0.4,2.3,69.2,5.5,2,1,2,8,1,7.15,3.2,10.4,0.8088235294117647,0.7647058823529411
19,3.8,3.0,0.7,85.5,5.1,1,2,2,4,2,19.38,12.0,15.2,0.5730337078651686,0.5588235294117647
23,3.5,1.3,0.5,89.8,7.8,1,2,2,7,3,27.3,9.1,24.5,0.6902654867256637,0.7291666666666667
24,4.4,0.9,0.0,92.3,5.8,1,3,2,8,3,25.52,7.2,35.2,0.5686274509803921,0.830188679245283
23,3.7,0.7,0.0,78.1,6.6,1,1,1,9,3,24.419999999999998,6.3,33.300000000000004,0.6407766990291262,0.8409090909090908
17,2.0,3.8,0.3,78.4,7.6,1,6,0,5,1,15.2,19.0,10.0,0.7916666666666666,0.3448275862068966
20,5.3,1.7,1.0,79.3,5.9,1,0,2,3,2,31.27,5.1,15.899999999999999,0.5267857142857143,0.7571428571428571
21,3.3,4.3,3.9,90.4,6.4,1,0,2,4,1,21.12,17.2,13.2,0.6597938144329898,0.4342105263157895
24,3.5,1.9,1.2,95.3,6.5,0,6,1,10,3,22.75,19.0,35.0,0.65,0.6481481481481481
20,2.1,0.5,2.0,80.9,7.3,0,3,2,6,2,15.33,3.0,12.600000000000001,0.776595744680851,0.8076923076923077
22,2.8,1.2,2.2,94.1,7.2,1,3,1,10,2,20.16,12.0,28.0,0.72,0.7
21,2.2,4.0,1.9,86.2,6.2,0,0,1,5,1,13.640000000000002,20.0,11.0,0.7380952380952381,0.3548387096774194
23,3.2,2.3,1.7,83.8,6.6,0,0,2,9,2,21.12,20.7,28.8,0.6734693877551019,0.5818181818181819
23,6.1,1.8,0.5,82.9,6.1,2,6,2,3,3,37.209999999999994,5.4,18.299999999999997,0.5,0.7721518987341772
21,1.4,2.7,3.4,92.5,4.7,0,1,1,2,0,6.58,5.4,2.8,0.7704918032786886,0.34146341463414637
23,1.1,3.1,3.8,88.3,6.8,2,6,0,6,1,7.48,18.6,6.6000000000000005,0.860759493670886,0.2619047619047619
19,5.7,3.8,0.0,100.0,8.8,1,3,1,7,3,50.160000000000004,26.599999999999998,39.9,0.606896551724138,0.6
21,3.2,4.2,0.7,76.5,5.4,2,6,2,5,2,17.28,21.0,16.0,0.6279069767441859,0.43243243243243246
20,2.5,2.1,1.5,90.2,5.6,1,6,1,1,2,14.0,2.1,2.5,0.691358024691358,0.5434782608695653
21,5.1,0.9,0.7,79.7,5.5,1,6,2,3,3,28.049999999999997,2.7,15.299999999999999,0.5188679245283019,0.85
24,2.6,2.0,2.4,76.3,7.4,1,1,2,3,1,19.240000000000002,6.0,7.800000000000001,0.74,0.5652173913043479
23,6.2,2.8,1.0,84.9,7.0,1,5,2,4,3,43.4,11.2,24.8,0.5303030303030303,0.6888888888888889
19,4.5,1.3,4.2,86.4,6.3,1,0,1,10,3,28.349999999999998,13.0,45.0,0.5833333333333333,0.7758620689655172
19,2.8,1.4,3.1,100.0,5.4,0,4,2,6,2,15.12,8.399999999999999,16.799999999999997,0.6585365853658538,0.6666666666666667
22,6.7,2.9,2.0,83.2,6.6,2,6,1,5,3,44.22,14.5,33.5,0.49624060150375937,0.6979166666666667
20,2.6,2.4,2.9,73.7,4.6,1,4,1,1,1,11.959999999999999,2.4,2.6,0.638888888888889,0.52
18,4.6,2.5,3.0,87.7,6.7,1,5,0,6,2,30.819999999999997,15.0,27.599999999999998,0.5929203539823009,0.647887323943662
18,3.9,1.6,1.2,64.3,7.5,2,0,1,9,2,29.25,14.4,35.1,0.6578947368421052,0.7090909090909091
21,5.5,2.2,0.9,84.1,5.0,1,3,2,1,3,27.5,2.2,5.5,0.47619047619047616,0.7142857142857143
22,5.8,1.4,1.9,85.2,4.7,2,4,1,8,3,27.26,11.2,46.4,0.44761904761904764,0.8055555555555556
17,3.5,3.6,2.7,92.9,8.4,1,3,1,8,2,29.400000000000002,28.8,28.0,0.7058823529411765,0.49295774647887325
21,2.4,3.7,2.0,94.7,5.8,2,4,2,3,1,13.92,11.100000000000001,7.199999999999999,0.7073170731707318,0.39344262295081966
22,4.2,0.3,0.1,80.0,7.9,0,3,0,9,3,33.18,2.6999999999999997,37.800000000000004,0.652892561983471,0.9333333333333333
20,2.5,1.4,0.9,83.5,6.3,2,6,2,8,2,15.75,11.2,20.0,0.7159090909090908,0.6410256410256411
20,6.5,0.7,1.7,77.3,6.3,2,4,1,3,3,40.949999999999996,2.0999999999999996,19.5,0.49218749999999994,0.9027777777777778
20,3.7,1.7,1.7,73.7,7.0,1,3,0,10,3,25.900000000000002,17.0,37.0,0.6542056074766356,0.6851851851851851
20,3.0,2.4,4.0,88.1,5.4,0,5,2,5,2,16.200000000000003,12.0,15.0,0.6428571428571429,0.5555555555555555
20,3.8,0.8,0.3,72.3,6.7,1,1,0,3,2,25.46,2.4000000000000004,11.399999999999999,0.6380952380952382,0.8260869565217391
22,1.5,1.4,2.4,80.9,6.0,2,3,2,5,1,9.0,7.0,7.5,0.8,0.5172413793103449
22,2.0,1.3,3.4,75.0,4.9,1,1,1,9,1,9.8,11.700000000000001,18.0,0.7101449275362319,0.6060606060606061
19,5.3,2.7,4.3,90.5,6.9,1,1,0,4,2,36.57,10.8,21.2,0.5655737704918034,0.6625
24,2.5,2.6,1.4,100.0,6.2,0,0,0,6,1,15.5,15.600000000000001,15.0,0.7126436781609197,0.4901960784313726
18,1.9,1.6,2.3,72.0,6.3,1,6,0,3,1,11.969999999999999,4.800000000000001,5.699999999999999,0.7682926829268293,0.5428571428571428
23,4.3,2.7,2.4,66.5,5.0,1,5,0,3,2,21.5,8.100000000000001,12.899999999999999,0.5376344086021505,0.6142857142857142
20,5.3,1.8,2.0,83.8,8.4,2,1,2,5,3,44.52,9.0,26.5,0.6131386861313869,0.7464788732394366
17,4.6,2.2,1.7,85.2,7.6,1,2,1,8,3,34.959999999999994,17.6,36.8,0.6229508196721312,0.676470588235294
23,5.0,4.5,2.3,87.2,7.7,2,6,1,8,3,38.5,36.0,40.0,0.6062992125984252,0.5263157894736842
22,2.4,4.1,0.0,80.5,6.1,1,1,1,3,1,14.639999999999999,12.299999999999999,7.199999999999999,0.7176470588235294,0.3692307692307692
17,1.4,0.9,2.6,83.0,4.4,0,3,2,8,1,6.16,7.2,11.2,0.7586206896551724,0.6086956521739131
17,5.8,3.5,1.9,88.7,8.8,1,1,2,8,3,51.04,28.0,46.4,0.6027397260273972,0.6236559139784945
17,3.0,3.5,1.6,95.4,6.4,1,3,2,3,1,19.200000000000003,10.5,9.0,0.6808510638297872,0.46153846153846156
19,3.1,1.1,4.1,65.4,5.6,2,3,2,10,1,17.36,11.0,31.0,0.6436781609195402,0.7380952380952381
22,5.5,3.5,1.1,81.3,7.0,2,2,1,10,3,38.5,35.0,55.0,0.56,0.6111111111111112
17,4.3,4.3,1.4,87.1,7.9,1,1,1,2,2,33.97,8.6,8.6,0.6475409836065574,0.5
20,4.2,1.2,4.0,75.8,6.5,1,1,2,10,3,27.3,12.0,42.0,0.6074766355140188,0.7777777777777778
21,6.7,1.4,0.9,100.0,8.0,1,4,2,2,3,53.6,2.8,13.4,0.54421768707483,0.8271604938271605
17,2.5,3.7,1.2,78.6,7.8,2,6,1,9,2,19.5,33.300000000000004,22.5,0.7572815533980581,0.4032258064516129
19,4.9,2.8,1.6,84.6,5.2,2,4,1,7,3,25.480000000000004,19.599999999999998,34.300000000000004,0.5148514851485148,0.6363636363636364
23,3.6,3.2,2.7,90.6,5.7,2,0,2,6,2,20.52,19.200000000000003,21.6,0.6129032258064516,0.5294117647058824
22,3.9,2.9,2.0,79.1,7.6,1,3,2,7,2,29.639999999999997,20.3,27.3,0.6608695652173913,0.5735294117647058
24,5.8,3.0,0.4,66.5,3.2,1,2,1,8,3,18.56,24.0,46.4,0.35555555555555557,0.6590909090909091
19,4.3,0.9,1.2,80.7,6.3,1,4,2,1,2,27.09,0.9,4.3,0.5943396226415094,0.8269230769230769
17,4.3,3.8,1.1,95.3,4.8,1,1,1,8,2,20.639999999999997,30.4,34.4,0.5274725274725275,0.5308641975308642
22,5.1,3.9,1.7,81.6,5.9,1,0,0,3,2,30.09,11.7,15.299999999999999,0.5363636363636364,0.5666666666666667
21,3.0,2.2,2.3,76.5,6.1,0,2,1,3,1,18.299999999999997,6.6000000000000005,9.0,0.6703296703296703,0.5769230769230769
17,2.2,2.4,2.3,94.3,6.1,0,5,1,6,2,13.42,14.399999999999999,13.200000000000001,0.7349397590361445,0.47826086956521746
19,1.9,0.7,0.0,81.7,5.8,2,1,0,4,1,11.02,2.8,7.6,0.7532467532467533,0.7307692307692308
18,0.6,3.1,3.0,79.9,5.2,2,1,2,4,0,3.12,12.4,2.4,0.896551724137931,0.16216216216216214
20,6.6,3.2,2.1,86.5,9.3,1,5,1,4,3,61.38,12.8,26.4,0.5849056603773585,0.6734693877551019
24,1.8,2.4,3.3,92.7,8.7,1,3,2,10,1,15.659999999999998,24.0,18.0,0.8285714285714285,0.42857142857142855
23,3.2,3.8,2.3,100.0,5.1,1,3,0,9,2,16.32,34.199999999999996,28.8,0.6144578313253011,0.4571428571428572
19,3.1,2.1,3.0,93.3,8.4,2,4,1,8,3,26.040000000000003,16.8,24.8,0.7304347826086957,0.5961538461538461
22,4.0,3.2,2.3,96.6,6.0,2,4,2,3,2,24.0,9.600000000000001,12.0,0.6,0.5555555555555556
24,4.7,1.3,3.3,79.9,6.7,2,1,2,1,2,31.490000000000002,1.3,4.7,0.5877192982456141,0.7833333333333333
24,4.8,2.5,2.4,74.7,6.4,2,6,2,1,2,30.72,2.5,4.8,0.5714285714285715,0.6575342465753424
24,2.6,2.3,1.7,85.6,5.7,1,1,2,1,1,14.82,2.3,2.6,0.6867469879518072,0.5306122448979592
17,3.2,2.8,4.3,86.1,7.7,1,4,1,4,1,24.64,11.2,12.8,0.7064220183486238,0.5333333333333333
20,3.9,2.1,2.8,74.2,6.7,1,5,1,6,2,26.13,12.600000000000001,23.4,0.6320754716981133,0.65
17,3.1,2.3,2.4,83.2,5.9,1,4,2,4,2,18.290000000000003,9.2,12.4,0.6555555555555556,0.5740740740740741
22,5.9,3.5,0.4,89.0,4.9,2,1,2,3,2,28.910000000000004,10.5,17.700000000000003,0.4537037037037037,0.6276595744680851
17,4.2,2.0,0.4,88.6,5.4,1,2,2,8,3,22.680000000000003,16.0,33.6,0.5625,0.6774193548387097
18,4.6,0.6,2.1,90.0,4.5,0,1,2,8,3,20.7,4.8,36.8,0.4945054945054945,0.8846153846153847
20,4.5,4.6,2.0,87.9,6.5,1,2,2,6,2,29.25,27.599999999999998,27.0,0.5909090909090909,0.4945054945054945
20,5.3,4.2,1.1,79.9,5.1,2,2,1,9,3,27.029999999999998,37.800000000000004,47.699999999999996,0.4903846153846154,0.5578947368421052
22,3.8,0.9,2.0,79.9,6.2,1,1,2,10,2,23.56,9.0,38.0,0.62,0.8085106382978723
23,1.6,3.3,3.5,73.0,8.1,2,6,2,1,1,12.96,3.3,1.6,0.8350515463917526,0.32653061224489793
18,4.1,1.9,2.6,100.0,7.9,1,6,2,8,3,32.39,15.2,32.8,0.6583333333333333,0.6833333333333332
19,2.5,2.8,0.5,85.1,6.5,0,0,0,6,2,16.25,16.799999999999997,15.0,0.7222222222222222,0.4716981132075472
17,2.7,2.9,1.7,82.8,6.4,1,4,1,1,1,17.28,2.9,2.7,0.7032967032967032,0.4821428571428572
21,4.4,2.2,0.9,75.7,8.8,2,6,0,4,3,38.720000000000006,8.8,17.6,0.6666666666666666,0.6666666666666666
17,5.4,1.6,1.4,100.0,7.1,1,3,1,5,3,38.34,8.0,27.0,0.568,0.7714285714285715
24,3.5,1.7,1.3,74.3,6.1,2,1,2,7,2,21.349999999999998,11.9,24.5,0.6354166666666666,0.673076923076923
17,4.0,1.4,1.3,80.7,4.8,1,2,0,8,2,19.2,11.2,32.0,0.5454545454545454,0.7407407407407407
19,6.1,1.5,0.4,89.2,7.0,0,1,1,9,3,42.699999999999996,13.5,54.9,0.5343511450381679,0.8026315789473684
17,3.9,2.4,1.7,91.0,7.5,2,4,1,6,2,29.25,14.399999999999999,23.4,0.6578947368421052,0.6190476190476191
18,7.4,1.6,1.2,94.6,5.7,1,5,2,10,3,42.18000000000001,16.0,74.0,0.43511450381679384,0.8222222222222223
18,4.3,3.3,0.0,100.0,6.8,1,6,1,9,3,29.24,29.7,38.699999999999996,0.6126126126126126,0.5657894736842105
20,0.9,4.3,4.1,90.1,6.1,2,6,1,4,0,5.49,17.2,3.6,0.8714285714285713,0.17307692307692307
22,4.6,1.8,3.0,74.4,6.3,1,6,1,8,3,28.979999999999997,14.4,36.8,0.5779816513761469,0.71875
23,4.1,2.8,1.4,82.4,3.5,2,2,1,3,2,14.349999999999998,8.399999999999999,12.299999999999999,0.46052631578947373,0.5942028985507246
21,5.4,3.1,1.8,88.1,6.2,0,3,1,4,3,33.480000000000004,12.4,21.6,0.5344827586206896,0.6352941176470589
24,4.5,3.1,0.5,100.0,7.7,1,3,1,10,3,34.65,31.0,45.0,0.6311475409836066,0.5921052631578948
17,3.3,2.6,3.7,71.0,5.7,0,6,2,4,2,18.81,10.4,13.2,0.6333333333333333,0.559322033898305
17,1.7,3.4,3.9,97.0,6.6,2,3,1,6,1,11.219999999999999,20.4,10.2,0.7951807228915663,0.33333333333333337
19,3.2,3.1,2.0,86.8,5.6,1,5,0,9,2,17.919999999999998,27.900000000000002,28.8,0.6363636363636362,0.5079365079365079
22,2.2,1.0,2.9,93.4,6.9,2,6,2,6,2,15.180000000000001,6.0,13.200000000000001,0.7582417582417582,0.6875
18,2.6,3.5,2.0,84.0,6.2,2,0,1,1,0,16.12,3.5,2.6,0.7045454545454545,0.42622950819672134
21,4.4,3.6,0.3,76.6,5.4,1,2,2,5,3,23.760000000000005,18.0,22.0,0.5510204081632653,0.55
20,6.0,1.6,1.3,92.5,8.1,1,5,1,9,3,48.599999999999994,14.4,54.0,0.5744680851063829,0.7894736842105263
18,4.1,2.5,1.9,91.5,7.6,1,2,2,5,2,31.159999999999997,12.5,20.5,0.6495726495726496,0.6212121212121212
24,1.7,3.3,1.3,94.7,5.8,1,6,2,6,2,9.86,19.799999999999997,10.2,0.7733333333333333,0.33999999999999997
22,4.2,2.2,1.6,84.9,7.1,1,5,2,3,2,29.82,6.6000000000000005,12.600000000000001,0.6283185840707964,0.65625
24,5.3,3.8,1.7,79.0,7.1,2,6,1,8,3,37.629999999999995,30.4,42.4,0.5725806451612904,0.5824175824175825
23,2.6,5.3,1.7,69.4,7.3,2,5,1,10,2,18.98,53.0,26.0,0.7373737373737373,0.3291139240506329
20,3.3,1.6,1.9,93.2,4.5,2,6,1,4,2,14.85,6.4,13.2,0.576923076923077,0.6734693877551019
23,3.5,0.8,0.6,89.2,7.7,2,0,2,4,3,26.95,3.2,14.0,0.6875000000000001,0.813953488372093
19,2.3,2.9,1.0,75.3,5.8,2,2,2,5,1,13.339999999999998,14.5,11.5,0.7160493827160493,0.44230769230769235
24,4.5,3.4,0.4,79.6,6.1,1,5,0,10,3,27.45,34.0,45.0,0.5754716981132075,0.5696202531645569
19,3.3,2.2,2.9,80.3,9.7,2,0,0,9,2,32.01,19.8,29.7,0.7461538461538461,0.6
17,4.1,4.2,0.0,70.2,6.9,2,1,1,8,3,28.29,33.6,32.8,0.6272727272727273,0.49397590361445776
23,2.2,0.9,3.1,76.8,6.0,1,6,0,7,2,13.200000000000001,6.3,15.400000000000002,0.7317073170731708,0.7096774193548387
22,2.8,3.3,3.3,73.7,3.9,2,4,1,5,1,10.92,16.5,14.0,0.582089552238806,0.45901639344262296
24,4.6,1.8,1.5,80.9,8.2,1,5,0,9,3,37.71999999999999,16.2,41.4,0.640625,0.71875
21,2.9,4.6,0.0,77.6,4.9,2,3,2,9,2,14.21,41.4,26.099999999999998,0.6282051282051282,0.38666666666666666
20,6.1,4.9,1.4,68.7,5.3,2,0,2,10,3,32.33,49.0,61.0,0.46491228070175444,0.5545454545454546
18,2.9,1.6,1.7,100.0,6.1,2,0,2,10,2,17.689999999999998,16.0,29.0,0.6777777777777777,0.6444444444444444
22,3.8,1.8,0.7,97.5,8.2,1,5,1,2,3,31.159999999999997,3.6,7.6,0.6833333333333332,0.6785714285714286
22,4.9,3.5,1.2,77.2,7.4,2,0,2,4,2,36.260000000000005,14.0,19.6,0.6016260162601625,0.5833333333333334
19,1.4,2.0,3.5,87.7,6.3,1,1,2,8,1,8.819999999999999,16.0,11.2,0.8181818181818182,0.4117647058823529
23,0.9,2.4,2.5,89.2,6.9,1,0,0,1,0,6.210000000000001,2.4,0.9,0.8846153846153846,0.27272727272727276
24,1.2,2.5,0.8,96.9,5.8,2,4,2,5,1,6.96,12.5,6.0,0.8285714285714285,0.3243243243243243
24,5.4,0.2,0.0,76.8,6.7,1,4,1,8,3,36.18000000000001,1.6,43.2,0.5537190082644627,0.9642857142857143
17,2.7,2.5,1.4,95.9,6.6,2,6,1,2,1,17.82,5.0,5.4,0.7096774193548386,0.5192307692307693
17,7.3,1.7,1.6,79.5,7.7,1,6,1,2,3,56.21,3.4,14.6,0.5133333333333333,0.8111111111111111
20,2.7,1.9,2.3,71.6,7.7,1,3,0,8,2,20.790000000000003,15.2,21.6,0.7403846153846154,0.5869565217391305
19,3.8,4.2,1.2,92.2,7.1,2,1,2,10,2,26.979999999999997,42.0,38.0,0.6513761467889909,0.475
22,5.8,1.0,2.4,97.9,6.1,1,4,1,9,3,35.379999999999995,9.0,52.199999999999996,0.5126050420168068,0.8529411764705882
24,6.5,3.5,3.9,100.0,7.4,0,5,1,7,3,48.1,24.5,45.5,0.5323741007194245,0.65
21,6.6,2.2,2.7,73.0,6.4,2,2,0,8,3,42.24,17.6,52.8,0.49230769230769234,0.7499999999999999
19,5.3,2.2,1.7,92.0,5.2,1,2,2,5,3,27.56,11.0,26.5,0.49523809523809526,0.7066666666666667
20,5.0,3.4,1.6,80.9,6.0,2,2,1,1,2,30.0,3.4,5.0,0.5454545454545454,0.5952380952380952
20,4.4,2.9,1.4,92.8,6.6,1,6,2,4,2,29.04,11.6,17.6,0.6,0.6027397260273972
19,4.7,3.2,3.1,70.3,7.6,1,5,2,2,3,35.72,6.4,9.4,0.6178861788617885,0.5949367088607594
20,2.7,3.7,1.1,72.4,6.3,1,0,1,3,1,17.01,11.100000000000001,8.100000000000001,0.7,0.421875
19,2.3,2.1,1.8,77.2,5.0,1,5,1,3,1,11.5,6.300000000000001,6.8999999999999995,0.684931506849315,0.5227272727272726
18,3.5,1.8,1.9,85.8,6.6,1,0,2,9,3,23.099999999999998,16.2,31.5,0.6534653465346535,0.6603773584905661
19,3.2,1.2,1.2,78.6,6.6,1,2,0,10,3,21.12,12.0,32.0,0.6734693877551019,0.7272727272727273
23,2.8,1.5,0.3,91.6,6.7,1,3,0,4,2,18.759999999999998,6.0,11.2,0.7052631578947368,0.6511627906976744
19,4.5,6.0,2.2,95.3,7.6,0,3,2,2,2,34.199999999999996,12.0,9.0,0.628099173553719,0.42857142857142855
20,4.9,4.0,1.7,91.0,7.7,1,0,1,3,2,37.730000000000004,12.0,14.700000000000001,0.611111111111111,0.550561797752809
24,3.6,0.9,2.4,100.0,5.8,0,2,1,3,2,20.88,2.7,10.8,0.6170212765957447,0.8
23,5.7,0.9,1.2,89.2,5.8,0,5,1,7,3,33.06,6.3,39.9,0.5043478260869565,0.8636363636363636
20,1.8,3.1,3.1,72.8,5.3,2,3,1,8,1,9.54,24.8,14.4,0.7464788732394366,0.36734693877551017
17,3.2,3.2,0.8,98.6,7.3,2,0,2,6,2,23.36,19.200000000000003,19.200000000000003,0.6952380952380952,0.5
17,2.4,3.2,3.7,78.9,8.2,2,5,2,4,1,19.679999999999996,12.8,9.6,0.7735849056603773,0.4285714285714286
24,0.7,2.2,0.0,94.1,6.1,1,2,2,6,1,4.27,13.200000000000001,4.199999999999999,0.8970588235294117,0.24137931034482754
24,3.4,2.3,2.3,100.0,6.2,2,1,2,1,1,21.08,2.3,3.4,0.6458333333333334,0.5964912280701755
23,3.3,2.9,2.3,89.6,8.3,2,2,1,10,3,27.39,29.0,33.0,0.7155172413793103,0.5322580645161291
18,5.8,2.6,0.9,70.0,7.1,2,6,1,8,3,41.18,20.8,46.4,0.5503875968992248,0.6904761904761905
24,4.4,0.0,2.3,75.8,7.0,1,2,1,1,3,30.800000000000004,0.0,4.4,0.6140350877192983,1.0
17,2.0,2.2,3.2,98.2,5.1,2,5,1,5,1,10.2,11.0,10.0,0.7183098591549295,0.47619047619047616
19,6.3,1.5,0.0,83.3,7.3,2,5,2,2,3,45.989999999999995,3.0,12.6,0.5367647058823529,0.8076923076923077
20,5.3,2.7,2.4,85.8,5.4,2,4,2,6,3,28.62,16.200000000000003,31.799999999999997,0.5046728971962617,0.6625
17,4.4,6.1,0.0,92.6,5.1,0,4,1,9,3,22.44,54.9,39.6,0.5368421052631579,0.41904761904761906
17,3.2,2.9,0.7,92.0,6.1,1,5,0,5,2,19.52,14.5,16.0,0.6559139784946235,0.5245901639344263
18,2.1,2.1,3.6,87.8,5.8,1,5,0,4,1,12.18,8.4,8.4,0.7341772151898733,0.5
23,2.9,3.6,1.2,82.9,6.2,1,1,1,2,1,17.98,7.2,5.8,0.6813186813186813,0.4461538461538461
23,5.1,3.1,0.5,81.9,4.8,2,1,0,3,2,24.479999999999997,9.3,15.299999999999999,0.4848484848484849,0.6219512195121951
22,6.3,3.0,1.6,93.6,7.7,0,2,1,6,3,48.51,18.0,37.8,0.55,0.6774193548387096
18,5.8,3.2,4.1,90.5,7.9,0,6,2,8,3,45.82,25.6,46.4,0.5766423357664234,0.6444444444444444
19,2.8,5.0,0.0,82.4,4.2,1,3,2,8,2,11.76,40.0,22.4,0.6,0.358974358974359
23,1.8,1.1,0.6,95.8,7.7,0,6,1,5,2,13.860000000000001,5.5,9.0,0.8105263157894737,0.6206896551724137
20,3.7,3.1,3.4,83.7,5.5,1,1,1,5,1,20.35,15.5,18.5,0.5978260869565218,0.5441176470588235
24,0.8,1.4,3.8,76.5,7.5,2,2,1,10,0,6.0,14.0,8.0,0.9036144578313252,0.36363636363636365
18,4.0,3.2,1.7,77.4,6.4,1,6,2,3,2,25.6,9.600000000000001,12.0,0.6153846153846154,0.5555555555555556
24,3.3,1.4,0.4,75.2,6.5,0,0,2,7,2,21.45,9.799999999999999,23.099999999999998,0.6632653061224489,0.7021276595744681
17,2.8,2.0,4.1,82.3,6.3,1,4,2,6,1,17.639999999999997,12.0,16.799999999999997,0.6923076923076923,0.5833333333333334
20,1.1,2.1,3.6,97.3,8.0,1,6,1,1,1,8.8,2.1,1.1,0.8791208791208791,0.34375
20,4.3,3.7,2.5,76.9,5.0,0,3,2,4,2,21.5,14.8,17.2,0.5376344086021505,0.5375
17,2.7,3.6,0.9,86.9,7.2,2,2,0,6,2,19.44,21.6,16.200000000000003,0.7272727272727273,0.42857142857142855
18,1.7,1.0,1.7,78.4,7.8,2,6,2,6,2,13.26,6.0,10.2,0.8210526315789474,0.6296296296296295
17,0.0,2.6,1.6,82.4,7.4,2,5,1,3,0,0.0,7.800000000000001,0.0,1.0,0.0
24,3.5,1.6,2.2,69.9,9.3,2,0,1,6,2,32.550000000000004,9.600000000000001,21.0,0.7265625,0.6862745098039216
22,6.2,1.0,3.4,82.8,5.9,0,4,2,10,3,36.580000000000005,10.0,62.0,0.48760330578512395,0.8611111111111112
20,6.0,2.2,2.8,83.1,7.6,2,0,1,6,3,45.599999999999994,13.200000000000001,36.0,0.5588235294117647,0.7317073170731708
21,2.8,2.1,0.6,90.4,6.4,2,2,0,9,2,17.919999999999998,18.900000000000002,25.2,0.6956521739130436,0.5714285714285714
21,2.6,5.4,3.3,87.2,8.0,2,1,0,9,1,20.8,48.6,23.400000000000002,0.7547169811320755,0.325
24,4.2,3.0,2.1,73.0,6.5,0,4,0,2,2,27.3,6.0,8.4,0.6074766355140188,0.5833333333333334
19,2.0,0.8,2.6,95.8,6.0,2,0,0,4,1,12.0,3.2,8.0,0.75,0.7142857142857143
23,4.0,1.8,3.4,87.1,8.1,2,1,0,9,3,32.4,16.2,36.0,0.6694214876033058,0.6896551724137931
17,4.6,3.7,0.6,87.0,5.9,2,3,1,4,2,27.14,14.8,18.4,0.5619047619047619,0.5542168674698794
17,5.3,5.0,1.8,84.9,4.8,0,2,1,8,2,25.439999999999998,40.0,42.4,0.4752475247524752,0.5145631067961165
19,3.3,0.6,1.2,79.8,5.9,2,2,2,10,2,19.47,6.0,33.0,0.641304347826087,0.8461538461538461
19,3.2,0.2,0.1,87.2,7.2,2,4,1,3,2,23.040000000000003,0.6000000000000001,9.600000000000001,0.6923076923076923,0.9411764705882353
24,2.2,4.7,2.2,89.8,8.2,2,0,0,3,1,18.04,14.100000000000001,6.6000000000000005,0.7884615384615385,0.31884057971014496
24,2.3,3.0,4.6,67.5,6.6,1,3,1,9,1,15.179999999999998,27.0,20.7,0.7415730337078652,0.43396226415094336
19,3.2,1.5,0.0,79.6,8.1,2,5,2,10,3,25.92,15.0,32.0,0.7168141592920353,0.6808510638297872
20,4.1,3.1,1.8,82.5,4.9,1,4,2,8,2,20.09,24.8,32.8,0.5444444444444445,0.5694444444444444
24,4.9,0.0,2.5,87.6,6.0,1,5,1,1,3,29.400000000000002,0.0,4.9,0.5504587155963303,1.0
22,2.3,2.5,1.9,96.9,6.2,1,4,2,10,2,14.26,25.0,23.0,0.7294117647058824,0.47916666666666663
24,5.7,2.9,1.7,77.3,6.4,2,0,2,2,2,36.480000000000004,5.8,11.4,0.5289256198347108,0.6627906976744187
17,3.1,3.6,0.4,80.0,6.6,0,3,2,3,1,20.46,10.8,9.3,0.6804123711340206,0.4626865671641791
24,3.5,1.3,2.1,79.9,7.3,1,0,2,2,2,25.55,2.6,7.0,0.6759259259259258,0.7291666666666667
20,2.4,2.6,1.0,77.0,6.0,2,2,2,3,1,14.399999999999999,7.800000000000001,7.199999999999999,0.7142857142857143,0.48
19,0.0,1.4,0.0,81.5,6.7,2,5,2,8,1,0.0,11.2,0.0,1.0,0.0
17,4.8,2.8,3.1,92.7,6.4,1,1,2,6,2,30.72,16.799999999999997,28.799999999999997,0.5714285714285715,0.631578947368421
24,4.6,1.4,2.9,74.5,5.4,2,6,1,7,3,24.84,9.799999999999999,32.199999999999996,0.54,0.7666666666666666
20,3.1,2.0,1.9,89.3,6.4,2,2,2,10,2,19.840000000000003,20.0,31.0,0.6736842105263158,0.607843137254902
22,3.6,1.3,2.1,68.0,6.3,0,2,2,10,3,22.68,13.0,36.0,0.6363636363636364,0.7346938775510203
24,4.3,3.3,3.0,79.4,6.3,1,5,0,6,2,27.09,19.799999999999997,25.799999999999997,0.5943396226415094,0.5657894736842105
20,1.2,3.5,2.0,81.7,6.5,0,4,2,1,0,7.8,3.5,1.2,0.8441558441558441,0.2553191489361702
22,2.7,2.2,2.8,100.0,6.6,1,2,1,3,1,17.82,6.6000000000000005,8.100000000000001,0.7096774193548386,0.5510204081632653
19,4.7,2.5,1.5,82.3,6.0,1,6,1,1,2,28.200000000000003,2.5,4.7,0.5607476635514019,0.6527777777777778
24,1.6,0.8,3.2,63.0,8.0,2,3,2,10,1,12.8,8.0,16.0,0.8333333333333334,0.6666666666666666
22,3.9,2.1,2.2,65.0,5.1,2,2,1,9,2,19.889999999999997,18.900000000000002,35.1,0.5666666666666667,0.65
17,1.5,2.4,2.0,85.3,5.6,0,3,1,9,2,8.399999999999999,21.599999999999998,13.5,0.7887323943661971,0.38461538461538464
19,4.2,5.6,0.4,91.1,9.8,0,0,0,5,2,41.160000000000004,28.0,21.0,0.7000000000000001,0.42857142857142855
17,3.4,1.2,2.1,88.8,5.3,1,4,1,4,2,18.02,4.8,13.6,0.6091954022988506,0.7391304347826088
21,1.1,4.3,0.9,86.7,4.9,1,3,1,9,1,5.390000000000001,38.699999999999996,9.9,0.8166666666666668,0.20370370370370372
18,5.2,3.7,1.1,96.6,7.4,1,2,1,9,3,38.480000000000004,33.300000000000004,46.800000000000004,0.5873015873015872,0.5842696629213483
24,2.4,2.8,0.9,79.6,4.0,2,4,1,3,1,9.6,8.399999999999999,7.199999999999999,0.625,0.46153846153846156
22,2.3,4.6,0.6,93.9,6.2,2,6,2,5,1,14.26,23.0,11.5,0.7294117647058824,0.3333333333333333
18,3.8,2.9,4.1,68.7,9.1,1,4,2,3,2,34.58,8.7,11.399999999999999,0.7054263565891473,0.5671641791044777
18,5.2,3.0,3.3,76.0,4.6,2,3,0,10,3,23.919999999999998,30.0,52.0,0.4693877551020407,0.6341463414634148
22,2.0,2.4,3.9,66.9,4.1,1,3,2,2,0,8.2,4.8,4.0,0.6721311475409836,0.45454545454545453
19,3.6,4.0,0.5,82.3,4.7,2,1,0,1,1,16.92,4.0,3.6,0.5662650602409638,0.4736842105263158
24,4.1,3.8,1.9,84.5,7.6,1,1,0,10,2,31.159999999999997,38.0,41.0,0.6495726495726496,0.5189873417721519
21,4.5,1.7,0.4,86.1,7.8,0,4,0,2,2,35.1,3.4,9.0,0.6341463414634145,0.7258064516129032
17,3.8,0.9,1.0,85.6,5.9,2,5,2,8,3,22.42,7.2,30.4,0.6082474226804124,0.8085106382978723
20,2.9,2.3,0.8,75.7,7.3,1,5,2,8,2,21.169999999999998,18.4,23.2,0.7156862745098039,0.5576923076923077
17,2.3,1.5,3.2,83.1,8.2,2,1,1,3,1,18.859999999999996,4.5,6.8999999999999995,0.7809523809523808,0.6052631578947368
20,3.6,2.4,1.4,70.0,8.6,1,2,1,7,2,30.96,16.8,25.2,0.7049180327868853,0.6
17,1.9,4.0,3.0,98.6,6.2,0,0,1,7,0,11.78,28.0,13.299999999999999,0.7654320987654322,0.3220338983050847
22,0.0,2.0,2.5,82.0,3.7,0,4,1,2,0,0.0,4.0,0.0,1.0,0.0
21,4.2,2.4,4.3,80.1,5.5,1,0,2,9,2,23.1,21.599999999999998,37.800000000000004,0.5670103092783506,0.6363636363636365
24,4.9,2.6,0.2,100.0,6.0,2,1,1,3,3,29.400000000000002,7.800000000000001,14.700000000000001,0.5504587155963303,0.6533333333333334
20,0.0,3.5,3.2,72.6,6.2,1,3,2,2,0,0.0,7.0,0.0,1.0,0.0
24,2.0,0.0,3.1,73.7,6.3,2,6,1,3,1,12.6,0.0,6.0,0.7590361445783131,1.0
24,4.4,1.8,0.7,74.0,7.8,2,4,2,2,2,34.32,3.6,8.8,0.639344262295082,0.7096774193548387
24,6.6,2.8,2.9,84.3,8.0,2,1,2,8,3,52.8,22.4,52.8,0.547945205479452,0.7021276595744681
23,3.5,3.9,2.2,89.3,6.3,1,2,1,5,2,22.05,19.5,17.5,0.6428571428571428,0.47297297297297297
19,2.4,1.9,1.5,92.4,7.8,2,6,2,3,2,18.72,5.699999999999999,7.199999999999999,0.7647058823529412,0.5581395348837209
17,3.2,0.2,0.9,100.0,6.9,1,4,2,5,2,22.080000000000002,1.0,16.0,0.6831683168316831,0.9411764705882353
24,5.6,3.2,1.0,62.5,6.6,1,4,1,8,3,36.959999999999994,25.6,44.8,0.5409836065573771,0.6363636363636362
17,2.5,1.7,4.1,91.1,7.6,0,5,1,7,2,19.0,11.9,17.5,0.7524752475247525,0.5952380952380952
24,2.3,1.1,1.8,79.4,6.6,1,3,2,6,2,15.179999999999998,6.6000000000000005,13.799999999999999,0.7415730337078652,0.676470588235294
20,2.8,1.8,2.7,79.1,9.0,0,4,1,1,2,25.2,1.8,2.8,0.7627118644067796,0.6086956521739131
19,2.1,2.3,0.9,78.8,4.8,2,3,0,10,2,10.08,23.0,21.0,0.6956521739130435,0.47727272727272724
19,3.7,1.8,0.9,75.9,5.9,1,1,1,1,1,21.830000000000002,1.8,3.7,0.6145833333333333,0.6727272727272727
22,5.9,0.0,3.0,100.0,6.3,1,2,2,1,3,37.17,0.0,5.9,0.5163934426229508,1.0
23,4.0,3.6,0.3,93.4,7.0,2,6,2,10,3,28.0,36.0,40.0,0.6363636363636364,0.5263157894736842
22,3.1,4.0,1.3,85.2,8.0,1,6,2,8,2,24.8,32.0,24.8,0.7207207207207208,0.4366197183098592
22,3.1,3.3,1.8,98.5,6.5,1,2,1,8,2,20.150000000000002,26.4,24.8,0.6770833333333334,0.484375
22,1.2,1.1,1.9,69.9,4.8,0,4,0,7,1,5.76,7.700000000000001,8.4,0.7999999999999999,0.5217391304347826
22,4.8,2.3,1.6,71.7,7.5,2,4,2,6,3,36.0,13.799999999999999,28.799999999999997,0.6097560975609756,0.676056338028169
22,3.4,2.5,2.2,63.2,7.4,0,1,2,4,2,25.16,10.0,13.6,0.6851851851851851,0.5762711864406779
21,3.2,3.2,2.6,78.0,4.2,1,5,0,1,1,13.440000000000001,3.2,3.2,0.5675675675675675,0.5
19,8.3,3.3,2.6,86.6,6.5,1,5,1,9,3,53.95,29.7,74.7,0.43918918918918914,0.7155172413793103
22,3.9,1.6,0.7,86.0,4.6,2,5,0,1,2,17.939999999999998,1.6,3.9,0.5411764705882353,0.7090909090909091
24,2.4,2.6,1.5,86.5,5.7,2,3,2,4,1,13.68,10.4,9.6,0.7037037037037037,0.48
19,2.9,3.0,3.1,70.9,5.4,2,5,2,3,1,15.66,9.0,8.7,0.6506024096385542,0.4915254237288135
19,5.2,4.2,2.8,93.0,7.5,0,2,2,7,2,39.0,29.400000000000002,36.4,0.5905511811023623,0.5531914893617021
18,3.7,3.3,0.3,87.4,6.6,1,6,2,5,2,24.419999999999998,16.5,18.5,0.6407766990291262,0.5285714285714286
21,1.3,3.4,2.2,92.3,5.0,1,6,0,5,1,6.5,17.0,6.5,0.7936507936507937,0.2765957446808511
22,4.9,2.6,0.0,66.1,7.6,0,3,2,4,3,37.24,10.4,19.6,0.608,0.6533333333333334
17,2.5,4.2,1.9,88.1,4.8,1,1,2,1,1,12.0,4.2,2.5,0.6575342465753424,0.3731343283582089
20,6.3,3.0,3.9,73.1,6.9,1,2,1,5,3,43.47,15.0,31.5,0.5227272727272728,0.6774193548387096
23,5.1,1.5,0.8,81.0,5.5,1,6,2,4,3,28.049999999999997,6.0,20.4,0.5188679245283019,0.7727272727272727
24,2.8,4.2,0.9,90.3,6.1,2,2,1,10,1,17.08,42.0,28.0,0.6853932584269664,0.39999999999999997
17,5.4,3.3,2.6,85.9,7.1,1,6,2,8,3,38.34,26.4,43.2,0.568,0.6206896551724139
21,3.6,2.0,0.1,76.5,7.1,2,0,2,2,2,25.56,4.0,7.2,0.6635514018691588,0.6428571428571429
20,4.8,1.9,1.1,85.1,8.1,1,1,2,8,3,38.879999999999995,15.2,38.4,0.627906976744186,0.7164179104477613
21,4.2,2.9,2.5,69.7,6.4,1,1,2,1,2,26.880000000000003,2.9,4.2,0.6037735849056604,0.591549295774648
24,2.2,3.1,1.1,96.5,6.9,1,0,0,4,0,15.180000000000001,12.4,8.8,0.7582417582417582,0.4150943396226415
19,2.5,2.7,1.5,82.9,6.0,0,3,1,3,1,15.0,8.100000000000001,7.5,0.7058823529411765,0.4807692307692307
20,5.0,2.9,2.6,96.2,6.7,0,6,1,5,3,33.5,14.5,25.0,0.5726495726495727,0.6329113924050632
19,3.0,4.5,2.3,79.7,7.0,1,6,2,5,1,21.0,22.5,15.0,0.7,0.4
24,2.9,3.8,2.1,79.8,6.4,2,6,2,5,1,18.56,19.0,14.5,0.6881720430107526,0.4328358208955224
17,2.1,2.7,1.4,77.4,4.3,2,5,2,4,0,9.03,10.8,8.4,0.6718749999999999,0.43749999999999994
24,4.1,3.6,2.2,93.8,6.9,0,5,0,8,3,28.29,28.8,32.8,0.6272727272727273,0.5324675324675324
17,6.6,1.3,1.7,77.9,6.9,2,5,2,3,3,45.54,3.9000000000000004,19.799999999999997,0.5111111111111112,0.8354430379746836
20,1.9,3.0,2.3,91.4,5.7,2,5,2,4,1,10.83,12.0,7.6,0.7500000000000001,0.38775510204081626
20,3.5,4.7,1.3,81.2,5.0,2,5,2,1,1,17.5,4.7,3.5,0.5882352941176471,0.426829268292683
22,5.6,2.2,1.6,65.2,8.3,2,0,0,7,3,46.480000000000004,15.400000000000002,39.199999999999996,0.5971223021582734,0.717948717948718
21,3.4,1.5,0.7,79.3,7.1,1,1,0,1,2,24.139999999999997,1.5,3.4,0.6761904761904761,0.693877551020408
22,4.2,1.7,1.8,73.2,6.2,1,3,0,2,2,26.040000000000003,3.4,8.4,0.5961538461538461,0.711864406779661
21,1.9,1.2,0.9,85.3,5.1,1,2,2,7,1,9.69,8.4,13.299999999999999,0.7285714285714285,0.6129032258064516
22,4.1,1.6,0.6,73.1,5.5,1,5,2,1,2,22.549999999999997,1.6,4.1,0.5729166666666667,0.7192982456140351
19,3.2,2.1,2.1,94.3,8.1,1,0,2,3,2,25.92,6.300000000000001,9.600000000000001,0.7168141592920353,0.6037735849056604
20,5.0,0.8,2.0,84.1,6.7,1,6,1,6,3,33.5,4.800000000000001,30.0,0.5726495726495727,0.8620689655172414
17,5.3,2.5,2.7,83.2,5.8,2,3,1,6,3,30.74,15.0,31.799999999999997,0.5225225225225225,0.6794871794871795
21,7.4,3.6,1.3,91.6,7.1,2,3,2,6,3,52.54,21.6,44.400000000000006,0.4896551724137931,0.6727272727272727
24,4.4,1.4,2.2,94.6,5.5,2,3,2,2,2,24.200000000000003,2.8,8.8,0.5555555555555556,0.7586206896551724
21,4.0,4.3,2.4,84.8,8.3,2,0,2,2,1,33.2,8.6,8.0,0.6747967479674797,0.48192771084337344
17,3.8,3.1,2.3,77.3,8.1,2,2,2,6,2,30.779999999999998,18.6,22.799999999999997,0.680672268907563,0.5507246376811593
22,3.0,3.7,0.9,67.3,5.9,0,5,1,10,2,17.700000000000003,37.0,30.0,0.6629213483146068,0.44776119402985076
21,4.0,1.7,2.0,78.1,5.7,1,3,2,5,2,22.8,8.5,20.0,0.5876288659793815,0.7017543859649122
23,3.1,3.5,2.2,78.8,3.4,1,0,2,7,1,10.54,24.5,21.7,0.5230769230769231,0.4696969696969697
19,3.8,1.2,1.8,86.1,4.7,2,6,1,7,2,17.86,8.4,26.599999999999998,0.5529411764705883,0.76
20,5.5,3.6,0.0,81.5,4.9,1,1,1,5,3,26.950000000000003,18.0,27.5,0.47115384615384615,0.6043956043956045
17,2.0,2.7,2.0,91.9,6.7,2,6,1,8,2,13.4,21.6,16.0,0.7701149425287357,0.425531914893617
20,5.2,3.2,4.2,78.9,6.1,0,0,0,10,3,31.72,32.0,52.0,0.5398230088495575,0.6190476190476191
23,5.5,1.1,1.4,84.4,4.9,1,0,2,6,3,26.950000000000003,6.6000000000000005,33.0,0.47115384615384615,0.8333333333333334
21,3.3,1.4,1.0,96.8,6.2,2,0,0,5,2,20.46,7.0,16.5,0.6526315789473685,0.7021276595744681
21,0.3,3.2,2.2,88.4,7.1,0,3,1,4,0,2.13,12.8,1.2,0.9594594594594594,0.08571428571428572
24,2.6,1.4,2.1,84.4,7.1,1,0,1,7,2,18.46,9.799999999999999,18.2,0.731958762886598,0.65
23,5.4,3.1,3.1,79.0,4.2,1,1,2,4,2,22.680000000000003,12.4,21.6,0.43749999999999994,0.6352941176470589
17,3.5,0.9,0.4,78.7,6.3,1,3,1,5,2,22.05,4.5,17.5,0.6428571428571428,0.7954545454545454
24,2.0,3.5,2.6,76.5,4.8,2,6,2,5,1,9.6,17.5,10.0,0.7058823529411765,0.36363636363636365
19,2.7,1.0,2.4,79.6,7.6,1,1,0,1,1,20.52,1.0,2.7,0.7378640776699028,0.7297297297297297
24,4.8,3.2,1.6,92.6,7.4,1,4,0,1,2,35.52,3.2,4.8,0.6065573770491804,0.6
18,4.3,3.3,2.2,82.8,5.4,0,6,1,3,2,23.22,9.899999999999999,12.899999999999999,0.5567010309278352,0.5657894736842105
17,3.1,1.7,2.9,71.5,5.6,2,0,1,3,1,17.36,5.1,9.3,0.6436781609195402,0.6458333333333334
18,2.9,3.2,2.8,100.0,5.9,1,5,1,2,2,17.11,6.4,5.8,0.6704545454545454,0.4754098360655738
23,2.9,2.8,0.5,88.2,3.8,2,5,0,2,2,11.02,5.6,5.8,0.5671641791044777,0.5087719298245614
22,2.1,1.9,2.7,70.9,6.9,2,3,2,6,2,14.490000000000002,11.399999999999999,12.600000000000001,0.7666666666666667,0.525
18,5.9,1.3,1.7,80.6,6.2,1,5,2,1,3,36.580000000000005,1.3,5.9,0.512396694214876,0.8194444444444444
19,3.0,0.1,1.9,86.1,7.7,2,6,0,6,3,23.1,0.6000000000000001,18.0,0.7196261682242991,0.9677419354838709
24,5.3,2.9,1.9,100.0,5.2,2,3,0,5,3,27.56,14.5,26.5,0.49523809523809526,0.6463414634146342
22,5.8,0.6,1.6,73.9,5.8,1,6,2,6,3,33.64,3.5999999999999996,34.8,0.5,0.90625
24,5.0,2.6,3.1,94.8,4.7,0,0,2,5,2,23.5,13.0,25.0,0.48453608247422686,0.6578947368421053
18,2.9,2.2,1.7,99.0,5.3,2,2,1,7,2,15.37,15.400000000000002,20.3,0.6463414634146342,0.5686274509803921
24,4.1,3.3,0.6,78.7,5.1,2,2,2,1,2,20.909999999999997,3.3,4.1,0.5543478260869565,0.5540540540540541
23,3.5,2.1,1.4,82.2,7.7,1,1,2,3,2,26.95,6.300000000000001,10.5,0.6875000000000001,0.625
22,2.1,2.1,2.0,74.6,5.7,1,0,2,6,1,11.97,12.600000000000001,12.600000000000001,0.7307692307692307,0.5
23,4.0,3.4,3.2,83.0,6.6,2,5,1,1,2,26.4,3.4,4.0,0.6226415094339622,0.5405405405405405
18,1.7,2.9,2.5,84.6,6.0,2,0,1,7,0,10.2,20.3,11.9,0.7792207792207793,0.3695652173913044
23,5.3,2.9,0.9,91.6,5.0,2,4,0,4,3,26.5,11.6,21.2,0.48543689320388345,0.6463414634146342
19,2.8,3.1,4.5,95.9,6.3,1,2,2,3,1,17.639999999999997,9.3,8.399999999999999,0.6923076923076923,0.47457627118644063
18,3.8,0.7,2.1,77.5,7.2,2,5,2,10,3,27.36,7.0,38.0,0.6545454545454545,0.8444444444444444
18,3.9,3.4,3.2,65.3,5.1,1,6,1,9,2,19.889999999999997,30.599999999999998,35.1,0.5666666666666667,0.5342465753424658
18,3.1,3.2,1.6,84.8,7.5,1,6,2,1,2,23.25,3.2,3.1,0.7075471698113208,0.49206349206349204
17,4.4,1.3,2.4,87.9,5.5,2,2,2,8,3,24.200000000000003,10.4,35.2,0.5555555555555556,0.7719298245614036
24,2.8,2.2,2.7,87.5,5.9,2,0,2,1,1,16.52,2.2,2.8,0.67816091954023,0.5599999999999999
17,4.8,2.5,3.1,81.7,7.1,1,5,2,5,3,34.08,12.5,24.0,0.5966386554621849,0.6575342465753424
17,1.5,2.3,3.0,86.2,5.7,1,1,2,10,1,8.55,23.0,15.0,0.7916666666666666,0.39473684210526316
19,3.7,2.9,2.8,100.0,6.5,2,6,1,8,3,24.05,23.2,29.6,0.6372549019607844,0.5606060606060607
22,6.4,4.2,1.5,88.8,6.1,1,0,2,6,3,39.04,25.200000000000003,38.400000000000006,0.488,0.6037735849056604
24,2.0,3.8,1.2,81.3,6.7,2,1,2,7,1,13.4,26.599999999999998,14.0,0.7701149425287357,0.3448275862068966
23,2.5,0.9,2.2,80.0,3.6,2,5,1,8,1,9.0,7.2,20.0,0.5901639344262296,0.7352941176470589
21,4.3,3.2,2.8,83.3,4.3,0,2,0,6,2,18.49,19.200000000000003,25.799999999999997,0.5,0.5733333333333334
18,3.8,4.1,1.6,100.0,7.2,2,4,2,6,3,27.36,24.599999999999998,22.799999999999997,0.6545454545454545,0.4810126582278481
23,4.0,3.0,3.0,83.2,7.7,2,3,1,6,2,30.8,18.0,24.0,0.6581196581196582,0.5714285714285714
18,4.2,3.8,3.4,84.8,5.4,2,2,2,5,2,22.680000000000003,19.0,21.0,0.5625,0.525
19,4.5,4.9,0.8,80.2,6.2,2,1,0,8,2,27.900000000000002,39.2,36.0,0.5794392523364487,0.4787234042553191
18,5.2,3.7,0.9,96.0,6.9,2,0,0,2,2,35.88,7.4,10.4,0.5702479338842975,0.5842696629213483
17,4.1,2.8,1.6,100.0,7.3,0,6,1,7,3,29.929999999999996,19.599999999999998,28.699999999999996,0.6403508771929826,0.5942028985507246
24,3.1,3.8,2.1,89.5,4.1,1,5,1,4,1,12.709999999999999,15.2,12.4,0.5694444444444444,0.4492753623188406
21,4.5,2.7,1.2,85.8,5.4,2,2,2,1,2,24.3,2.7,4.5,0.5454545454545455,0.625
20,6.3,2.5,3.3,85.4,6.1,1,6,2,5,3,38.43,12.5,31.5,0.49193548387096775,0.7159090909090908
18,3.3,2.1,2.3,61.2,7.3,0,6,0,3,2,24.09,6.300000000000001,9.899999999999999,0.6886792452830188,0.611111111111111
23,2.0,4.4,1.8,92.5,9.5,2,4,1,4,1,19.0,17.6,8.0,0.8260869565217391,0.3125
17,5.2,1.5,0.2,86.3,6.2,2,5,1,7,3,32.24,10.5,36.4,0.543859649122807,0.7761194029850746
20,3.3,4.3,0.4,89.3,4.8,0,1,1,5,2,15.839999999999998,21.5,16.5,0.5925925925925926,0.4342105263157895
21,0.2,3.1,2.1,77.9,7.0,2,5,2,4,0,1.4000000000000001,12.4,0.8,0.9722222222222222,0.06060606060606061
20,4.8,0.8,0.0,81.2,8.1,2,5,1,1,3,38.879999999999995,0.8,4.8,0.627906976744186,0.8571428571428572
17,2.7,2.9,2.9,80.9,6.6,1,0,0,6,1,17.82,17.4,16.200000000000003,0.7096774193548386,0.4821428571428572
24,3.4,0.0,1.6,95.2,5.4,2,3,1,10,3,18.36,0.0,34.0,0.6136363636363636,1.0
24,4.0,3.3,5.4,81.2,7.6,1,6,0,6,2,30.4,19.799999999999997,24.0,0.6551724137931034,0.547945205479452
22,3.8,3.6,4.3,100.0,7.3,0,1,0,7,2,27.74,25.2,26.599999999999998,0.6576576576576577,0.5135135135135135
24,4.6,1.8,1.6,89.3,5.3,1,0,1,1,2,24.38,1.8,4.6,0.5353535353535354,0.71875
22,2.8,2.6,1.7,72.2,7.0,1,6,2,4,2,19.599999999999998,10.4,11.2,0.7142857142857142,0.5185185185185185
20,4.3,4.8,2.9,83.7,7.7,1,3,2,9,2,33.11,43.199999999999996,38.699999999999996,0.6416666666666667,0.4725274725274725
19,3.1,1.9,3.7,78.5,7.9,2,0,2,10,2,24.490000000000002,19.0,31.0,0.7181818181818183,0.62
23,4.6,1.2,0.0,63.1,6.4,2,3,1,6,3,29.439999999999998,7.199999999999999,27.599999999999998,0.5818181818181819,0.793103448275862
23,4.4,4.3,0.0,100.0,6.1,1,3,1,2,2,26.84,8.6,8.8,0.5809523809523809,0.5057471264367817
20,2.1,4.9,1.1,92.0,8.0,2,3,1,4,2,16.8,19.6,8.4,0.7920792079207921,0.3
18,5.1,2.5,2.4,90.3,5.0,0,0,2,6,2,25.5,15.0,30.599999999999998,0.49504950495049505,0.6710526315789473
18,2.7,3.7,2.3,86.7,7.0,0,5,2,4,2,18.900000000000002,14.8,10.8,0.7216494845360826,0.421875
24,4.7,4.1,3.0,71.2,4.9,2,3,0,10,3,23.03,41.0,47.0,0.5104166666666666,0.5340909090909091
23,4.1,1.6,0.5,80.2,7.8,0,5,0,7,3,31.979999999999997,11.200000000000001,28.699999999999996,0.6554621848739497,0.7192982456140351
23,6.3,1.9,0.0,93.4,6.2,1,6,2,3,3,39.06,5.699999999999999,18.9,0.496,0.7682926829268293
22,3.2,4.0,2.7,74.5,8.0,2,6,2,6,2,25.6,24.0,19.200000000000003,0.7142857142857143,0.4444444444444445
19,3.0,4.5,0.9,59.7,7.1,1,1,2,4,1,21.299999999999997,18.0,12.0,0.7029702970297029,0.4
17,3.5,3.2,0.0,82.7,5.0,2,4,2,3,2,17.5,9.600000000000001,10.5,0.5882352941176471,0.5223880597014925
18,3.0,1.4,2.0,83.6,8.2,1,5,2,3,2,24.599999999999998,4.199999999999999,9.0,0.7321428571428571,0.6818181818181818
23,4.7,4.9,2.7,86.4,8.4,0,6,1,2,3,39.480000000000004,9.8,9.4,0.6412213740458015,0.48958333333333326
22,1.1,1.9,1.7,92.3,7.6,1,4,2,3,1,8.36,5.699999999999999,3.3000000000000003,0.8735632183908046,0.3666666666666667
21,1.9,2.1,1.3,91.4,5.6,1,3,2,10,2,10.639999999999999,21.0,19.0,0.7466666666666666,0.475
22,1.9,2.9,1.6,87.6,6.1,1,4,2,1,1,11.589999999999998,2.9,1.9,0.7625,0.3958333333333333
18,4.9,4.4,1.4,97.0,6.7,1,4,1,3,2,32.830000000000005,13.200000000000001,14.700000000000001,0.5775862068965517,0.5268817204301075
18,6.1,3.5,0.3,69.8,5.7,2,3,1,9,3,34.769999999999996,31.5,54.9,0.4830508474576271,0.6354166666666666
22,3.3,3.0,1.0,90.0,8.5,2,5,1,4,2,28.049999999999997,12.0,13.2,0.7203389830508474,0.5238095238095238
17,3.2,3.1,2.4,91.3,6.7,1,3,1,3,2,21.44,9.3,9.600000000000001,0.6767676767676768,0.5079365079365079
20,3.6,2.6,2.2,72.6,3.3,1,1,2,8,2,11.879999999999999,20.8,28.8,0.47826086956521735,0.5806451612903226
18,5.2,3.2,2.0,70.0,6.9,1,2,0,1,2,35.88,3.2,5.2,0.5702479338842975,0.6190476190476191
22,2.1,0.0,0.7,77.5,6.1,2,0,1,5,1,12.81,0.0,10.5,0.7439024390243902,1.0
23,3.9,2.1,1.6,78.4,6.4,2,3,2,1,2,24.96,2.1,3.9,0.6213592233009708,0.65
22,5.0,2.8,0.0,92.5,6.1,1,3,0,7,3,30.5,19.599999999999998,35.0,0.5495495495495495,0.6410256410256411
19,4.3,1.1,2.0,78.9,7.5,2,4,1,5,2,32.25,5.5,21.5,0.635593220338983,0.7962962962962962
20,3.8,3.0,3.4,76.4,7.8,1,1,1,2,2,29.639999999999997,6.0,7.6,0.6724137931034483,0.5588235294117647
21,5.0,2.3,0.2,78.9,6.8,0,6,2,1,2,34.0,2.3,5.0,0.5762711864406779,0.684931506849315
17,0.0,4.6,1.2,96.2,6.1,0,6,1,7,1,0.0,32.199999999999996,0.0,1.0,0.0
24,4.5,4.4,2.2,85.1,6.5,1,4,2,1,2,29.25,4.4,4.5,0.5909090909090909,0.5056179775280899
21,2.5,1.9,3.2,83.2,6.5,1,5,1,3,2,16.25,5.699999999999999,7.5,0.7222222222222222,0.5681818181818181
20,0.8,2.3,1.3,83.9,5.5,0,3,2,6,0,4.4,13.799999999999999,4.800000000000001,0.873015873015873,0.2580645161290323
20,4.3,2.4,1.0,97.9,7.2,2,3,1,6,3,30.96,14.399999999999999,25.799999999999997,0.6260869565217392,0.6417910447761195
20,5.6,2.0,0.0,77.5,7.1,1,4,1,7,3,39.76,14.0,39.199999999999996,0.5590551181102362,0.7368421052631579
21,3.3,2.7,1.9,98.2,8.3,1,3,0,1,2,27.39,2.7,3.3,0.7155172413793103,0.5499999999999999
23,4.9,1.6,4.0,87.1,8.0,1,5,0,7,3,39.2,11.200000000000001,34.300000000000004,0.6201550387596899,0.7538461538461539
20,5.9,1.1,2.1,83.4,5.7,0,2,1,2,3,33.63,2.2,11.8,0.49137931034482757,0.8428571428571429
22,5.5,3.2,1.8,100.0,7.5,1,0,0,6,2,41.25,19.200000000000003,33.0,0.5769230769230769,0.632183908045977
21,6.0,3.3,2.2,74.4,5.4,1,0,1,8,3,32.400000000000006,26.4,48.0,0.4736842105263158,0.6451612903225806
24,4.6,1.5,1.8,81.5,7.3,1,0,2,5,3,33.58,7.5,23.0,0.6134453781512605,0.7540983606557377
20,3.6,3.6,0.9,72.7,5.9,0,2,1,10,2,21.240000000000002,36.0,36.0,0.6210526315789474,0.5
22,1.1,1.7,2.7,94.5,5.3,1,3,1,3,0,5.83,5.1,3.3000000000000003,0.8281249999999999,0.3928571428571429
23,3.1,2.8,2.0,100.0,6.8,0,4,2,8,2,21.08,22.4,24.8,0.6868686868686869,0.5254237288135593
19,2.2,3.5,1.8,100.0,3.3,2,6,2,8,2,7.26,28.0,17.6,0.6,0.3859649122807018
23,6.8,2.5,0.7,97.2,4.4,2,1,0,4,3,29.92,10.0,27.2,0.3928571428571429,0.7311827956989246
24,3.2,3.0,3.2,83.0,6.3,0,3,1,8,1,20.16,24.0,25.6,0.6631578947368421,0.5161290322580645
20,3.7,1.9,2.5,81.3,6.6,1,2,2,5,2,24.419999999999998,9.5,18.5,0.6407766990291262,0.6607142857142858
24,4.3,2.3,1.2,68.3,6.1,0,5,0,5,2,26.229999999999997,11.5,21.5,0.5865384615384616,0.6515151515151515
21,3.6,2.3,2.9,100.0,4.6,1,2,2,3,2,16.56,6.8999999999999995,10.8,0.5609756097560976,0.6101694915254237
18,6.0,1.6,1.3,89.7,5.5,1,6,0,7,3,33.0,11.200000000000001,42.0,0.4782608695652174,0.7894736842105263
20,2.6,2.3,0.9,80.1,7.0,1,0,2,9,2,18.2,20.7,23.400000000000002,0.7291666666666667,0.5306122448979592
18,3.8,0.6,1.0,98.3,7.2,1,3,1,9,3,27.36,5.3999999999999995,34.199999999999996,0.6545454545454545,0.8636363636363636
22,2.4,1.9,0.0,75.3,6.5,2,6,2,1,1,15.6,1.9,2.4,0.7303370786516854,0.5581395348837209
19,1.5,2.2,2.3,89.1,7.9,1,0,1,1,1,11.850000000000001,2.2,1.5,0.8404255319148937,0.4054054054054054
17,2.6,2.2,0.0,83.3,7.0,1,1,2,10,2,18.2,22.0,26.0,0.7291666666666667,0.5416666666666666
24,3.4,2.2,0.4,91.4,5.6,1,5,0,5,2,19.04,11.0,17.0,0.6222222222222222,0.6071428571428572
23,2.9,2.4,0.0,84.4,6.2,2,0,1,1,2,17.98,2.4,2.9,0.6813186813186813,0.5471698113207547
19,2.5,3.1,1.7,70.5,4.8,2,1,2,4,1,12.0,12.4,10.0,0.6575342465753424,0.44642857142857145
20,1.4,3.5,1.6,85.8,6.4,1,2,1,1,0,8.959999999999999,3.5,1.4,0.8205128205128205,0.2857142857142857
18,3.4,1.7,1.4,95.5,7.8,2,0,2,2,2,26.52,3.4,6.8,0.6964285714285715,0.6666666666666667
23,1.2,1.1,0.7,84.7,7.3,1,0,1,2,0,8.76,2.2,2.4,0.8588235294117647,0.5217391304347826
18,4.6,1.2,0.5,92.8,8.2,2,4,2,4,3,37.71999999999999,4.8,18.4,0.640625,0.793103448275862
21,3.6,1.9,2.3,74.5,6.1,2,5,1,8,3,21.96,15.2,28.8,0.6288659793814433,0.6545454545454545
18,1.3,2.1,1.2,84.7,8.1,0,5,2,2,1,10.53,4.2,2.6,0.8617021276595744,0.38235294117647056
21,3.0,1.6,2.1,78.8,6.3,2,6,2,9,2,18.9,14.4,27.0,0.6774193548387096,0.6521739130434783
22,2.4,0.9,0.8,92.5,8.3,1,2,1,9,2,19.92,8.1,21.599999999999998,0.7757009345794392,0.7272727272727273
23,4.0,2.0,2.0,85.3,6.5,1,4,2,2,2,26.0,4.0,8.0,0.6190476190476191,0.6666666666666666
23,5.5,2.7,3.2,91.9,7.3,1,6,2,1,3,40.15,2.7,5.5,0.5703125,0.6707317073170732
17,0.7,3.2,2.4,95.9,8.3,2,1,1,10,1,5.8100000000000005,32.0,7.0,0.9222222222222223,0.17948717948717946
20,3.7,1.8,1.3,91.9,6.3,1,6,2,10,3,23.31,18.0,37.0,0.63,0.6727272727272727
21,3.3,2.0,2.1,87.7,6.8,0,1,0,9,2,22.439999999999998,18.0,29.7,0.6732673267326733,0.6226415094339622
17,4.5,1.4,1.5,75.0,8.0,2,2,2,2,3,36.0,2.8,9.0,0.64,0.7627118644067796
18,3.8,2.5,1.8,85.0,6.3,0,5,1,8,2,23.939999999999998,20.0,30.4,0.6237623762376238,0.6031746031746031
18,2.4,1.5,1.4,79.7,4.9,0,1,0,3,1,11.76,4.5,7.199999999999999,0.6712328767123288,0.6153846153846154
17,3.0,3.2,1.6,81.6,9.1,1,2,1,1,1,27.299999999999997,3.2,3.0,0.7520661157024793,0.48387096774193544
23,2.3,0.4,2.0,81.3,5.9,1,6,2,1,2,13.57,0.4,2.3,0.7195121951219513,0.8518518518518519
18,5.1,2.1,0.7,75.2,6.7,1,1,2,10,3,34.17,21.0,51.0,0.5677966101694915,0.7083333333333334
24,3.5,2.9,0.7,65.4,7.9,0,3,2,2,2,27.650000000000002,5.8,7.0,0.6929824561403509,0.546875
22,6.4,2.7,0.3,78.3,5.8,2,0,1,7,3,37.12,18.900000000000002,44.800000000000004,0.4754098360655738,0.7032967032967032
22,3.4,5.7,0.0,86.9,5.3,2,6,0,6,2,18.02,34.2,20.4,0.6091954022988506,0.37362637362637363
24,2.4,2.9,0.5,71.5,6.8,1,5,2,2,1,16.32,5.8,4.8,0.7391304347826088,0.4528301886792453
17,1.2,1.3,2.0,85.2,4.3,1,6,2,4,1,5.159999999999999,5.2,4.8,0.7818181818181817,0.48
24,0.8,2.4,0.8,100.0,6.2,1,3,1,2,0,4.960000000000001,4.8,1.6,0.8857142857142858,0.25
21,1.1,0.4,2.4,95.2,6.8,2,2,1,1,1,7.48,0.4,1.1,0.860759493670886,0.7333333333333334
21,3.9,2.4,1.8,100.0,6.2,0,2,1,3,2,24.18,7.199999999999999,11.7,0.6138613861386139,0.6190476190476191
17,4.3,1.5,0.0,88.9,4.6,0,6,1,4,3,19.779999999999998,6.0,17.2,0.5168539325842697,0.7413793103448276
24,1.1,3.6,2.5,96.7,8.4,2,3,2,10,1,9.240000000000002,36.0,11.0,0.8842105263157896,0.23404255319148937
21,4.8,1.8,2.7,77.8,6.6,1,6,1,5,3,31.679999999999996,9.0,24.0,0.5789473684210527,0.7272727272727273
23,2.8,2.4,0.7,78.6,8.2,1,0,2,5,2,22.959999999999997,12.0,14.0,0.7454545454545454,0.5384615384615385
24,3.7,1.7,2.3,57.6,6.2,2,0,1,7,2,22.94,11.9,25.900000000000002,0.6262626262626263,0.6851851851851851
23,5.9,4.6,0.9,96.9,5.4,2,4,1,10,3,31.860000000000003,46.0,59.0,0.4778761061946903,0.5619047619047619
21,4.8,2.1,1.9,100.0,6.8,1,1,2,8,3,32.64,16.8,38.4,0.5862068965517241,0.6956521739130435
22,3.1,4.7,0.4,79.5,6.2,2,4,2,9,2,19.220000000000002,42.300000000000004,27.900000000000002,0.6666666666666666,0.3974358974358974
21,2.2,3.5,0.0,82.5,5.1,0,0,1,7,1,11.22,24.5,15.400000000000002,0.6986301369863014,0.3859649122807018
23,0.3,3.1,1.4,77.5,8.3,2,3,2,5,0,2.49,15.5,1.5,0.9651162790697674,0.08823529411764706
19,2.4,2.9,1.7,88.8,5.8,1,1,1,9,2,13.92,26.099999999999998,21.599999999999998,0.7073170731707318,0.4528301886792453
20,3.2,3.0,1.4,96.2,4.3,2,3,2,8,2,13.76,24.0,25.6,0.5733333333333334,0.5161290322580645
18,2.0,0.2,0.5,67.6,8.1,2,4,1,10,2,16.2,2.0,20.0,0.801980198019802,0.9090909090909091
24,3.3,2.2,1.4,89.1,5.9,2,2,2,9,2,19.47,19.8,29.7,0.641304347826087,0.6
19,3.6,3.5,2.1,82.2,5.8,2,3,0,10,2,20.88,35.0,36.0,0.6170212765957447,0.5070422535211268
21,3.2,2.4,1.8,86.1,4.4,1,4,1,8,2,14.080000000000002,19.2,25.6,0.5789473684210527,0.5714285714285715
22,2.5,0.8,2.0,89.6,8.6,1,4,2,6,2,21.5,4.800000000000001,15.0,0.7747747747747747,0.7575757575757576
17,3.8,2.4,1.1,83.1,5.0,1,4,2,4,2,19.0,9.6,15.2,0.5681818181818181,0.6129032258064516
21,4.2,4.5,3.1,84.0,6.6,2,2,1,9,2,27.72,40.5,37.800000000000004,0.611111111111111,0.48275862068965525
22,1.9,4.0,0.5,82.9,7.6,2,2,1,9,1,14.44,36.0,17.099999999999998,0.7999999999999999,0.3220338983050847
20,5.6,2.4,2.3,94.7,7.0,1,6,1,10,3,39.199999999999996,24.0,56.0,0.5555555555555556,0.7
21,3.4,3.6,3.1,89.2,6.4,2,2,2,10,2,21.76,36.0,34.0,0.6530612244897959,0.4857142857142857
23,3.5,2.1,2.3,87.2,4.5,2,1,2,9,2,15.75,18.900000000000002,31.5,0.5625,0.625
17,4.6,0.5,1.6,72.3,5.5,2,2,2,10,3,25.299999999999997,5.0,46.0,0.5445544554455446,0.9019607843137255
22,3.8,1.4,1.2,81.2,6.7,2,2,1,3,2,25.46,4.199999999999999,11.399999999999999,0.6380952380952382,0.7307692307692308
22,4.9,4.4,2.9,94.0,5.6,1,2,2,3,2,27.44,13.200000000000001,14.700000000000001,0.5333333333333333,0.5268817204301075
22,3.9,2.2,0.2,85.4,6.7,0,3,1,6,3,26.13,13.200000000000001,23.4,0.6320754716981133,0.639344262295082
20,2.6,2.2,0.7,91.6,7.3,0,2,0,6,2,18.98,13.200000000000001,15.600000000000001,0.7373737373737373,0.5416666666666666
21,4.0,2.1,1.4,100.0,7.7,1,1,2,6,3,30.8,12.600000000000001,24.0,0.6581196581196582,0.6557377049180328
20,1.8,4.8,3.2,95.4,5.0,2,4,2,5,0,9.0,24.0,9.0,0.7352941176470589,0.27272727272727276
24,3.7,4.5,2.2,85.9,9.1,2,3,2,5,2,33.67,22.5,18.5,0.7109374999999999,0.451219512195122
18,3.5,5.2,0.7,79.9,7.4,2,0,2,2,1,25.900000000000002,10.4,7.0,0.6788990825688074,0.40229885057471265
18,3.2,2.3,1.5,59.5,6.5,2,2,2,7,2,20.8,16.099999999999998,22.400000000000002,0.6701030927835052,0.5818181818181819
24,3.3,2.9,1.1,83.3,7.8,0,6,2,4,2,25.74,11.6,13.2,0.7027027027027027,0.5322580645161291
21,0.7,0.7,1.0,81.7,9.3,0,6,1,3,1,6.51,2.0999999999999996,2.0999999999999996,0.93,0.5
23,2.7,4.3,2.9,88.9,4.8,0,4,1,8,1,12.96,34.4,21.6,0.64,0.38571428571428573
20,3.6,1.1,0.3,83.5,6.2,1,4,2,4,2,22.32,4.4,14.4,0.6326530612244897,0.7659574468085106
17,3.7,2.8,3.6,81.8,3.6,1,3,2,4,1,13.32,11.2,14.8,0.4931506849315068,0.5692307692307692
22,2.0,1.2,2.7,67.2,6.7,0,6,1,8,1,13.4,9.6,16.0,0.7701149425287357,0.625
22,5.4,1.8,3.0,75.6,6.9,1,0,1,1,2,37.260000000000005,1.8,5.4,0.5609756097560975,0.75
21,2.2,1.5,1.3,89.8,6.5,0,5,1,9,2,14.3,13.5,19.8,0.7471264367816093,0.5945945945945946
23,5.0,1.8,1.6,100.0,5.7,2,6,0,7,3,28.5,12.6,35.0,0.5327102803738318,0.7352941176470589
18,4.1,1.9,0.2,84.0,4.0,1,6,2,2,2,16.4,3.8,8.2,0.4938271604938272,0.6833333333333332
18,2.5,1.8,1.2,88.3,6.9,1,1,1,6,2,17.25,10.8,15.0,0.7340425531914894,0.5813953488372093
22,6.2,3.5,2.3,94.5,8.2,1,5,2,8,3,50.839999999999996,28.0,49.6,0.5694444444444444,0.6391752577319588
21,1.7,1.2,3.2,76.9,5.8,2,4,1,5,0,9.86,6.0,8.5,0.7733333333333333,0.5862068965517241
20,4.9,2.8,0.6,88.7,7.0,1,5,1,6,3,34.300000000000004,16.799999999999997,29.400000000000002,0.5882352941176471,0.6363636363636364
18,5.0,4.0,1.4,77.6,4.6,1,6,0,10,3,23.0,40.0,50.0,0.47916666666666663,0.5555555555555556
20,2.5,1.9,1.6,93.6,7.0,2,4,2,8,2,17.5,15.2,20.0,0.7368421052631579,0.5681818181818181
23,5.6,1.6,0.3,86.5,6.0,1,5,2,6,3,33.599999999999994,9.600000000000001,33.599999999999994,0.5172413793103449,0.7777777777777778
18,3.1,2.2,2.5,88.0,5.6,2,4,2,9,2,17.36,19.8,27.900000000000002,0.6436781609195402,0.5849056603773585
18,3.9,3.9,1.0,77.2,5.6,1,4,0,9,2,21.84,35.1,35.1,0.5894736842105263,0.5
19,3.9,2.7,1.6,92.1,6.0,1,3,1,9,2,23.4,24.3,35.1,0.6060606060606061,0.5909090909090909
18,3.3,1.9,1.3,100.0,7.0,0,0,0,6,2,23.099999999999998,11.399999999999999,19.799999999999997,0.6796116504854368,0.6346153846153847
24,4.7,3.1,0.9,74.9,4.9,2,4,1,9,3,23.03,27.900000000000002,42.300000000000004,0.5104166666666666,0.6025641025641025
17,4.7,1.2,1.8,81.6,6.0,1,1,2,3,3,28.200000000000003,3.5999999999999996,14.100000000000001,0.5607476635514019,0.7966101694915254
24,0.9,3.3,1.6,87.3,6.5,0,6,2,5,0,5.8500000000000005,16.5,4.5,0.8783783783783783,0.21428571428571427
21,5.5,3.0,1.4,92.9,5.2,1,6,2,2,2,28.6,6.0,11.0,0.485981308411215,0.6470588235294118
21,1.0,2.1,1.0,79.4,8.7,1,1,1,8,1,8.7,16.8,8.0,0.8969072164948454,0.3225806451612903
20,5.0,1.5,2.2,56.7,5.5,0,2,1,4,3,27.5,6.0,20.0,0.5238095238095238,0.7692307692307693
24,5.2,1.4,3.6,98.6,5.7,2,4,1,6,3,29.64,8.399999999999999,31.200000000000003,0.5229357798165137,0.787878787878788
24,1.9,3.1,2.0,92.6,5.3,2,4,0,6,1,10.069999999999999,18.6,11.399999999999999,0.7361111111111112,0.38
24,2.9,4.0,2.9,67.6,8.7,0,4,2,5,1,25.229999999999997,20.0,14.5,0.75,0.42028985507246375
23,1.8,1.7,0.3,78.9,7.2,1,5,2,1,1,12.96,1.7,1.8,0.8,0.5142857142857143
18,3.2,3.1,2.0,100.0,5.4,2,4,1,7,2,17.28,21.7,22.400000000000002,0.6279069767441859,0.5079365079365079
17,3.0,0.0,0.6,99.5,7.8,1,4,1,10,3,23.4,0.0,30.0,0.7222222222222222,1.0
20,4.7,1.8,0.2,94.4,6.7,1,1,2,8,3,31.490000000000002,14.4,37.6,0.5877192982456141,0.7230769230769231
24,5.5,2.5,1.0,83.2,6.8,1,0,2,1,3,37.4,2.5,5.5,0.5528455284552845,0.6875
24,5.6,1.4,3.1,85.8,6.1,2,0,2,10,3,34.16,14.0,56.0,0.5213675213675214,0.7999999999999999
19,2.7,1.4,2.8,83.7,5.6,2,2,1,7,2,15.12,9.799999999999999,18.900000000000002,0.6746987951807228,0.6585365853658538
20,3.2,1.7,2.1,96.3,6.9,2,1,1,4,2,22.080000000000002,6.8,12.8,0.6831683168316831,0.6530612244897959
24,1.0,2.9,0.1,76.2,5.8,0,4,2,6,1,5.8,17.4,6.0,0.8529411764705882,0.25641025641025644
20,2.3,2.3,1.6,76.9,8.7,1,0,2,9,2,20.009999999999998,20.7,20.7,0.7909090909090909,0.5
18,4.9,0.0,2.1,95.1,5.0,2,3,1,5,3,24.5,0.0,24.5,0.5050505050505051,1.0
19,5.9,0.0,2.0,84.6,8.3,0,3,2,8,3,48.970000000000006,0.0,47.2,0.5845070422535211,1.0
20,1.6,1.8,0.0,98.8,6.4,2,3,2,5,1,10.240000000000002,9.0,8.0,0.8,0.47058823529411764
17,2.6,3.0,0.8,78.3,6.9,2,4,1,2,1,17.94,6.0,5.2,0.7263157894736842,0.46428571428571436
17,3.5,0.0,1.7,84.5,7.5,0,4,1,4,2,26.25,0.0,14.0,0.6818181818181818,1.0
21,3.9,1.9,2.4,75.8,5.7,2,2,1,2,2,22.23,3.8,7.8,0.59375,0.6724137931034483
19,2.3,1.9,0.0,85.1,7.5,1,6,0,7,2,17.25,13.299999999999999,16.099999999999998,0.7653061224489796,0.5476190476190477
19,4.1,4.2,1.6,70.2,3.3,2,2,2,7,1,13.529999999999998,29.400000000000002,28.699999999999996,0.44594594594594594,0.49397590361445776
21,2.8,2.0,2.0,80.1,5.6,1,2,1,3,1,15.679999999999998,6.0,8.399999999999999,0.6666666666666667,0.5833333333333334
20,3.5,3.0,2.7,70.6,5.4,1,5,2,7,2,18.900000000000002,21.0,24.5,0.6067415730337079,0.5384615384615384
19,4.3,2.7,2.6,91.9,5.0,2,3,2,1,1,21.5,2.7,4.3,0.5376344086021505,0.6142857142857142
17,3.5,0.0,2.4,92.2,6.2,2,4,0,1,2,21.7,0.0,3.5,0.6391752577319588,1.0
17,2.8,3.4,0.9,67.7,7.0,0,3,1,9,2,19.599999999999998,30.599999999999998,25.2,0.7142857142857142,0.4516129032258065
24,3.3,2.8,0.0,98.3,7.3,1,2,2,6,2,24.09,16.799999999999997,19.799999999999997,0.6886792452830188,0.5409836065573771
18,3.4,3.1,1.4,100.0,6.8,0,4,2,5,2,23.119999999999997,15.5,17.0,0.6666666666666667,0.5230769230769231
19,2.9,7.2,2.9,85.5,5.7,1,1,2,6,1,16.53,43.2,17.4,0.6627906976744187,0.2871287128712871
20,3.1,0.0,3.3,78.6,6.9,1,0,1,6,2,21.39,0.0,18.6,0.6900000000000001,1.0
21,5.9,4.6,2.6,100.0,6.6,1,0,1,1,2,38.94,4.6,5.9,0.528,0.5619047619047619
21,4.3,2.2,2.3,71.8,7.6,1,2,2,5,2,32.68,11.0,21.5,0.638655462184874,0.6615384615384615
20,3.1,2.8,2.2,85.2,7.4,0,6,2,9,2,22.94,25.2,27.900000000000002,0.7047619047619048,0.5254237288135593
23,4.5,2.4,1.2,86.8,6.5,0,3,1,4,2,29.25,9.6,18.0,0.5909090909090909,0.6521739130434783
22,3.0,2.0,1.7,98.5,5.4,0,1,2,3,1,16.200000000000003,6.0,9.0,0.6428571428571429,0.6
18,5.3,1.8,3.6,88.6,5.7,1,4,1,1,2,30.21,1.8,5.3,0.5181818181818182,0.7464788732394366
21,4.1,2.9,0.8,80.0,5.8,2,6,2,2,2,23.779999999999998,5.8,8.2,0.585858585858586,0.5857142857142856
19,3.3,0.7,3.6,75.5,6.1,0,3,2,3,1,20.13,2.0999999999999996,9.899999999999999,0.6489361702127661,0.825
18,4.2,3.4,1.4,81.6,6.8,2,2,1,4,2,28.56,13.6,16.8,0.6181818181818182,0.5526315789473685
19,1.1,2.0,3.3,74.9,7.4,2,3,2,7,1,8.14,14.0,7.700000000000001,0.8705882352941177,0.3548387096774194
23,1.8,1.1,0.3,85.5,6.4,2,2,1,6,1,11.520000000000001,6.6000000000000005,10.8,0.7804878048780487,0.6206896551724137
17,1.7,2.0,2.4,79.4,6.5,2,5,1,8,1,11.049999999999999,16.0,13.6,0.7926829268292683,0.45945945945945943
18,3.7,4.0,1.0,70.1,6.7,2,0,0,9,2,24.790000000000003,36.0,33.300000000000004,0.6442307692307693,0.4805194805194805
24,6.1,1.9,0.2,97.6,5.9,0,6,0,6,3,35.99,11.399999999999999,36.599999999999994,0.4916666666666667,0.7625
21,6.8,2.9,2.0,80.0,5.4,1,0,1,7,3,36.72,20.3,47.6,0.4426229508196722,0.7010309278350516
18,4.5,1.6,2.9,72.3,4.4,2,3,2,4,2,19.8,6.4,18.0,0.49438202247191015,0.7377049180327869
18,4.3,3.4,0.9,83.3,5.7,1,1,2,2,1,24.509999999999998,6.8,8.6,0.5700000000000001,0.5584415584415585
18,0.8,3.3,0.2,85.7,7.1,2,4,0,9,1,5.68,29.7,7.2,0.8987341772151899,0.19512195121951223
22,2.7,4.7,1.7,67.5,5.7,0,2,2,9,1,15.390000000000002,42.300000000000004,24.3,0.6785714285714286,0.36486486486486486
18,2.3,2.3,1.7,88.3,6.2,2,4,2,4,1,14.26,9.2,9.2,0.7294117647058824,0.5
19,2.6,3.3,2.4,74.5,7.1,1,0,2,3,1,18.46,9.899999999999999,7.800000000000001,0.731958762886598,0.4406779661016949
17,3.2,2.6,2.8,100.0,7.1,1,1,2,10,2,22.72,26.0,32.0,0.6893203883495145,0.5517241379310345
23,2.8,4.1,1.7,90.2,5.2,1,1,1,6,1,14.559999999999999,24.599999999999998,16.799999999999997,0.65,0.4057971014492754
20,0.5,1.6,3.8,81.0,7.7,2,4,1,3,0,3.85,4.800000000000001,1.5,0.9390243902439025,0.23809523809523808
18,4.6,3.4,2.0,77.5,7.9,2,0,2,1,2,36.339999999999996,3.4,4.6,0.632,0.575
21,1.9,2.3,1.4,84.0,5.1,1,4,0,4,1,9.69,9.2,7.6,0.7285714285714285,0.45238095238095244
18,3.9,2.4,0.0,91.1,5.5,2,3,0,1,1,21.45,2.4,3.9,0.5851063829787234,0.6190476190476191
21,6.6,2.6,1.5,84.7,7.9,1,1,0,2,3,52.14,5.2,13.2,0.5448275862068965,0.717391304347826
19,2.1,2.8,1.4,82.8,6.3,0,1,1,3,1,13.23,8.399999999999999,6.300000000000001,0.75,0.42857142857142855
21,0.0,2.4,2.9,85.6,3.8,0,3,1,8,0,0.0,19.2,0.0,1.0,0.0
24,3.1,2.8,2.3,79.0,4.8,0,0,1,10,2,14.879999999999999,28.0,31.0,0.6075949367088607,0.5254237288135593
20,5.2,4.4,0.5,81.6,6.2,1,1,0,4,2,32.24,17.6,20.8,0.543859649122807,0.5416666666666666
17,6.4,3.7,2.0,64.1,5.1,1,6,2,4,3,32.64,14.8,25.6,0.4434782608695652,0.6336633663366336
21,1.7,3.5,2.5,94.7,6.0,2,5,2,10,1,10.2,35.0,17.0,0.7792207792207793,0.3269230769230769
21,4.2,2.0,3.5,88.0,6.5,2,5,1,9,3,27.3,18.0,37.800000000000004,0.6074766355140188,0.6774193548387097
17,2.8,1.4,2.8,77.3,8.3,0,5,0,7,2,23.240000000000002,9.799999999999999,19.599999999999998,0.7477477477477478,0.6666666666666667
20,3.3,3.6,2.6,100.0,6.2,1,2,0,2,1,20.46,7.2,6.6,0.6526315789473685,0.47826086956521735
18,7.5,3.6,1.9,85.9,7.8,1,6,1,3,3,58.5,10.8,22.5,0.5098039215686274,0.6756756756756757
21,1.2,4.3,2.2,74.6,8.2,1,2,1,4,0,9.839999999999998,17.2,4.8,0.8723404255319149,0.21818181818181817
17,3.9,1.8,3.2,93.6,8.2,0,0,1,4,2,31.979999999999997,7.2,15.6,0.6776859504132231,0.6842105263157895
24,4.2,2.2,0.3,89.0,6.8,0,3,2,10,3,28.56,22.0,42.0,0.6181818181818182,0.65625
24,5.1,0.5,1.4,88.9,4.1,2,4,1,8,3,20.909999999999997,4.0,40.8,0.44565217391304346,0.9107142857142857
19,3.6,2.0,1.0,80.7,7.1,2,6,1,10,3,25.56,20.0,36.0,0.6635514018691588,0.6428571428571429
17,4.0,3.7,2.2,89.5,7.8,0,0,1,10,3,31.2,37.0,40.0,0.6610169491525423,0.5194805194805194
19,2.9,1.9,3.2,82.4,6.4,1,4,2,6,2,18.56,11.399999999999999,17.4,0.6881720430107526,0.6041666666666666
24,3.9,3.3,1.1,90.6,8.6,1,0,2,3,1,33.54,9.899999999999999,11.7,0.688,0.5416666666666667
20,3.0,2.3,0.0,66.0,7.5,2,2,2,9,2,22.5,20.7,27.0,0.7142857142857143,0.5660377358490566
18,4.4,2.9,1.3,80.7,7.2,1,5,2,10,3,31.680000000000003,29.0,44.0,0.6206896551724137,0.6027397260273972
17,2.9,1.1,2.8,100.0,7.8,0,3,1,8,2,22.619999999999997,8.8,23.2,0.7289719626168225,0.725
23,4.1,2.6,2.4,77.3,6.9,2,2,1,9,3,28.29,23.400000000000002,36.9,0.6272727272727273,0.6119402985074627
24,3.5,0.0,2.3,79.0,3.5,1,3,2,5,2,12.25,0.0,17.5,0.5,1.0
24,5.2,2.3,1.5,80.5,5.9,1,6,0,3,3,30.680000000000003,6.8999999999999995,15.600000000000001,0.5315315315315315,0.6933333333333334
23,3.4,0.5,0.4,72.9,7.9,1,4,2,4,2,26.86,2.0,13.6,0.6991150442477876,0.8717948717948718
22,0.8,3.9,2.4,62.9,5.5,1,0,2,5,0,4.4,19.5,4.0,0.873015873015873,0.1702127659574468
24,5.4,3.4,0.9,82.7,6.2,1,1,2,9,3,33.480000000000004,30.599999999999998,48.6,0.5344827586206896,0.6136363636363636
21,2.1,3.1,4.2,86.4,5.2,1,1,0,9,1,10.920000000000002,27.900000000000002,18.900000000000002,0.7123287671232876,0.40384615384615385
20,2.5,4.3,2.4,84.5,8.6,1,3,2,3,1,21.5,12.899999999999999,7.5,0.7747747747747747,0.36764705882352944
17,2.6,1.4,1.2,83.6,8.5,0,5,1,7,3,22.1,9.799999999999999,18.2,0.7657657657657658,0.65
23,5.6,4.6,1.1,85.4,5.4,2,5,0,6,3,30.24,27.599999999999998,33.599999999999994,0.49090909090909096,0.5490196078431373
21,0.3,3.6,1.7,95.2,6.7,0,3,1,4,0,2.01,14.4,1.2,0.9571428571428572,0.07692307692307693
23,8.2,2.2,1.5,83.1,5.7,0,2,2,5,3,46.739999999999995,11.0,41.0,0.4100719424460432,0.7884615384615385
17,5.1,3.9,3.0,79.3,7.2,2,1,1,10,3,36.72,39.0,51.0,0.5853658536585366,0.5666666666666667
19,3.8,1.2,2.0,82.2,7.1,2,2,1,2,2,26.979999999999997,2.4,7.6,0.6513761467889909,0.76
17,3.4,1.5,1.0,90.8,7.5,2,4,0,7,3,25.5,10.5,23.8,0.6880733944954128,0.693877551020408
22,3.9,1.8,3.9,99.1,6.9,1,1,2,4,2,26.91,7.2,15.6,0.6388888888888888,0.6842105263157895
17,4.3,1.9,1.9,78.7,10.0,1,4,2,2,3,43.0,3.8,8.6,0.6993006993006993,0.6935483870967742
17,4.5,1.2,2.6,86.0,5.3,2,0,2,6,2,23.849999999999998,7.199999999999999,27.0,0.5408163265306122,0.7894736842105263
22,4.3,4.0,1.1,88.4,4.4,2,2,1,2,1,18.92,8.0,8.6,0.5057471264367817,0.5180722891566264
20,3.6,2.2,2.2,75.1,6.0,1,3,1,10,2,21.6,22.0,36.0,0.625,0.6206896551724137
24,3.2,2.9,2.1,85.2,4.6,2,1,2,2,1,14.719999999999999,5.8,6.4,0.5897435897435898,0.5245901639344263
17,3.3,1.8,0.0,70.3,4.7,0,2,1,7,2,15.51,12.6,23.099999999999998,0.5875,0.6470588235294118
22,3.2,0.3,4.0,67.3,5.3,2,3,2,1,1,16.96,0.3,3.2,0.6235294117647059,0.9142857142857144
21,5.2,2.8,3.2,88.7,5.4,2,0,2,7,3,28.080000000000002,19.599999999999998,36.4,0.5094339622641509,0.65
19,4.4,0.2,1.4,81.2,5.4,2,1,1,10,3,23.760000000000005,2.0,44.0,0.5510204081632653,0.9565217391304347
19,0.0,2.4,0.6,87.0,7.1,2,4,1,5,1,0.0,12.0,0.0,1.0,0.0
17,4.5,0.9,2.2,84.8,5.9,2,0,2,1,2,26.55,0.9,4.5,0.5673076923076923,0.8333333333333333
20,3.8,4.9,1.9,75.2,6.3,0,5,1,6,2,23.939999999999998,29.400000000000002,22.799999999999997,0.6237623762376238,0.4367816091954023
20,3.5,3.6,2.2,84.5,7.6,1,3,1,7,2,26.599999999999998,25.2,24.5,0.6846846846846847,0.49295774647887325
21,2.9,2.6,2.0,72.7,5.6,0,1,2,1,1,16.24,2.6,2.9,0.6588235294117647,0.5272727272727272
17,5.2,4.0,2.4,98.9,6.2,1,1,1,9,3,32.24,36.0,46.800000000000004,0.543859649122807,0.5652173913043479
19,4.9,1.5,3.4,71.4,6.9,2,6,2,7,3,33.81,10.5,34.300000000000004,0.5847457627118644,0.765625
20,2.3,3.2,2.4,83.0,4.2,1,6,0,1,1,9.66,3.2,2.3,0.6461538461538462,0.41818181818181815
17,4.1,2.7,0.6,74.6,3.6,1,0,2,3,2,14.76,8.100000000000001,12.299999999999999,0.4675324675324676,0.6029411764705882
23,2.0,2.8,3.3,90.7,6.9,1,1,0,5,1,13.8,14.0,10.0,0.7752808988764045,0.4166666666666667
20,1.4,4.0,3.6,81.7,7.1,2,3,0,4,0,9.94,16.0,5.6,0.8352941176470587,0.25925925925925924
22,2.6,3.4,5.3,79.8,9.0,0,0,2,2,1,23.400000000000002,6.8,5.2,0.7758620689655172,0.43333333333333335
23,4.8,2.8,0.6,93.5,6.7,1,4,2,1,3,32.16,2.8,4.8,0.5826086956521739,0.631578947368421
24,4.9,0.5,2.1,85.3,7.5,0,0,1,4,3,36.75,2.0,19.6,0.6048387096774194,0.9074074074074074
20,4.3,1.3,0.0,90.2,6.3,2,0,1,7,3,27.09,9.1,30.099999999999998,0.5943396226415094,0.7678571428571429
19,4.6,2.4,2.4,75.2,6.9,0,4,2,4,3,31.74,9.6,18.4,0.6,0.6571428571428571
18,4.3,2.6,1.2,71.0,8.5,2,5,1,9,3,36.55,23.400000000000002,38.699999999999996,0.6640625,0.6231884057971014
23,2.5,1.1,3.9,86.1,4.0,1,6,2,8,1,10.0,8.8,20.0,0.6153846153846154,0.6944444444444444
24,4.1,5.4,0.9,81.8,7.0,0,3,2,8,2,28.699999999999996,43.2,32.8,0.6306306306306306,0.431578947368421
21,4.7,4.3,0.0,91.3,9.1,2,5,2,5,3,42.77,21.5,23.5,0.6594202898550724,0.5222222222222223
21,4.6,3.2,1.3,84.2,6.8,0,5,1,1,2,31.279999999999998,3.2,4.6,0.5964912280701755,0.5897435897435898
19,5.3,2.6,0.0,87.1,8.5,1,5,1,9,3,45.05,23.400000000000002,47.699999999999996,0.6159420289855072,0.670886075949367
20,4.6,2.2,2.6,68.8,5.7,0,6,2,2,2,26.22,4.4,9.2,0.5533980582524272,0.676470588235294
17,4.0,1.4,0.0,100.0,6.5,1,2,0,6,3,26.0,8.399999999999999,24.0,0.6190476190476191,0.7407407407407407
20,5.1,2.6,1.8,83.4,6.5,1,6,1,10,3,33.15,26.0,51.0,0.560344827586207,0.6623376623376623
19,3.5,2.8,0.0,92.0,3.8,1,5,0,5,1,13.299999999999999,14.0,17.5,0.5205479452054794,0.5555555555555556
21,2.2,1.0,1.4,76.6,5.1,0,2,0,10,2,11.22,10.0,22.0,0.6986301369863014,0.6875
20,3.3,2.9,3.6,88.1,5.2,1,4,1,8,2,17.16,23.2,26.4,0.611764705882353,0.5322580645161291
21,2.4,2.3,2.2,72.0,7.5,2,6,1,3,2,18.0,6.8999999999999995,7.199999999999999,0.7575757575757576,0.5106382978723405
23,2.5,0.2,0.9,89.5,7.5,2,3,2,6,3,18.75,1.2000000000000002,15.0,0.75,0.9259259259259258
24,3.3,1.5,1.8,81.4,6.9,1,5,1,6,2,22.77,9.0,19.799999999999997,0.6764705882352942,0.6875
17,2.3,2.0,1.8,85.3,7.5,1,1,1,10,2,17.25,20.0,23.0,0.7653061224489796,0.5348837209302325
23,3.0,4.8,2.3,92.0,6.3,1,4,0,3,2,18.9,14.399999999999999,9.0,0.6774193548387096,0.38461538461538464
21,0.7,3.2,0.3,72.7,7.9,1,2,2,7,1,5.53,22.400000000000002,4.8999999999999995,0.9186046511627908,0.17948717948717946
21,3.8,0.9,2.5,78.2,6.5,0,6,1,4,2,24.7,3.6,15.2,0.6310679611650485,0.8085106382978723
18,3.5,3.1,0.0,89.6,6.6,1,3,2,5,2,23.099999999999998,15.5,17.5,0.6534653465346535,0.5303030303030303
18,2.3,0.6,1.1,100.0,6.2,1,0,2,9,2,14.26,5.3999999999999995,20.7,0.7294117647058824,0.793103448275862
23,4.5,3.8,1.3,83.6,7.3,1,3,0,6,2,32.85,22.799999999999997,27.0,0.6186440677966101,0.5421686746987951
22,4.9,1.9,2.5,90.9,6.0,1,3,1,10,3,29.400000000000002,19.0,49.0,0.5504587155963303,0.7205882352941176
23,1.1,2.4,1.8,83.9,7.7,2,5,1,4,1,8.47,9.6,4.4,0.875,0.31428571428571433
18,2.4,4.1,0.3,100.0,5.1,0,5,2,8,2,12.239999999999998,32.8,19.2,0.6799999999999999,0.3692307692307692
21,2.3,1.0,0.7,67.5,5.2,2,6,2,9,2,11.959999999999999,9.0,20.7,0.6933333333333334,0.6969696969696969
19,2.1,0.8,2.0,85.9,7.3,2,6,2,10,2,15.33,8.0,21.0,0.776595744680851,0.7241379310344827
23,4.7,1.8,1.7,68.7,6.4,1,2,1,5,2,30.080000000000002,9.0,23.5,0.5765765765765766,0.7230769230769231
21,3.2,3.7,1.2,59.9,6.0,1,6,2,2,1,19.200000000000003,7.4,6.4,0.6521739130434783,0.463768115942029
19,3.1,0.7,1.3,88.0,7.6,1,2,0,6,3,23.56,4.199999999999999,18.6,0.7102803738317757,0.8157894736842106
19,0.5,0.0,2.6,86.4,5.8,0,5,0,8,1,2.9,0.0,4.0,0.9206349206349206,1.0
18,4.5,2.0,1.2,82.2,6.3,1,5,2,5,3,28.349999999999998,10.0,22.5,0.5833333333333333,0.6923076923076923
23,1.6,3.2,1.7,83.9,8.2,2,1,2,1,0,13.12,3.2,1.6,0.8367346938775511,0.3333333333333333
20,3.6,3.9,4.2,100.0,8.3,0,1,0,8,2,29.880000000000003,31.2,28.8,0.6974789915966387,0.48000000000000004
17,3.9,1.9,0.2,82.4,8.4,1,4,0,9,3,32.76,17.099999999999998,35.1,0.6829268292682926,0.6724137931034483
18,5.5,2.0,0.0,90.1,6.2,2,5,0,1,3,34.1,2.0,5.5,0.5299145299145299,0.7333333333333333
18,1.5,3.9,2.7,78.5,8.0,2,0,0,8,1,12.0,31.2,12.0,0.8421052631578947,0.27777777777777773
20,0.0,0.3,1.1,88.0,5.4,1,1,1,10,1,0.0,3.0,0.0,1.0,0.0
17,3.8,2.0,1.4,82.6,5.4,2,2,2,2,2,20.52,4.0,7.6,0.5869565217391305,0.6551724137931034
21,6.2,2.7,0.9,80.9,3.7,1,3,2,4,3,22.94,10.8,24.8,0.37373737373737376,0.6966292134831461
22,5.4,3.0,1.5,100.0,8.5,0,6,2,2,3,45.900000000000006,6.0,10.8,0.6115107913669064,0.6428571428571429
23,3.8,1.9,3.6,96.8,5.5,1,6,2,2,2,20.9,3.8,7.6,0.5913978494623655,0.6666666666666667
22,2.8,2.5,2.7,86.4,6.3,1,4,1,10,2,17.639999999999997,25.0,28.0,0.6923076923076923,0.5283018867924528
21,4.7,0.0,2.7,62.0,5.4,2,1,2,3,2,25.380000000000003,0.0,14.100000000000001,0.5346534653465346,1.0
24,2.0,1.7,0.2,81.4,7.3,0,3,2,8,2,14.6,13.6,16.0,0.7849462365591398,0.5405405405405405
18,4.2,3.0,0.5,100.0,6.0,1,3,1,4,2,25.200000000000003,12.0,16.8,0.5882352941176471,0.5833333333333334
17,4.3,1.3,0.0,82.7,4.9,1,1,2,7,3,21.07,9.1,30.099999999999998,0.532608695652174,0.7678571428571429
18,5.1,2.6,0.9,96.0,7.0,1,0,1,10,3,35.699999999999996,26.0,51.0,0.578512396694215,0.6623376623376623
19,7.6,3.0,2.9,99.4,4.8,0,0,2,3,3,36.48,9.0,22.799999999999997,0.38709677419354843,0.7169811320754716
18,4.1,2.1,2.4,87.2,5.5,1,4,2,10,3,22.549999999999997,21.0,41.0,0.5729166666666667,0.6612903225806451
18,2.7,2.7,1.6,76.6,4.0,2,0,1,3,0,10.8,8.100000000000001,8.100000000000001,0.5970149253731343,0.5
21,3.5,1.3,1.8,60.6,4.8,1,4,2,2,2,16.8,2.6,7.0,0.5783132530120482,0.7291666666666667
21,0.8,2.3,1.0,91.8,6.7,1,2,0,6,1,5.36,13.799999999999999,4.800000000000001,0.8933333333333333,0.2580645161290323
21,2.5,3.2,2.0,76.9,4.1,1,1,2,6,1,10.25,19.200000000000003,15.0,0.6212121212121212,0.43859649122807015
22,2.9,2.7,2.6,86.8,4.7,1,3,1,1,1,13.63,2.7,2.9,0.618421052631579,0.5178571428571429
19,2.7,1.8,0.0,72.5,6.5,1,4,0,7,2,17.55,12.6,18.900000000000002,0.7065217391304348,0.6000000000000001
24,3.7,2.8,2.1,82.3,5.8,2,6,1,4,2,21.46,11.2,14.8,0.6105263157894737,0.5692307692307692
24,2.3,3.4,2.8,85.3,8.9,2,0,2,3,1,20.47,10.2,6.8999999999999995,0.7946428571428572,0.4035087719298246
21,5.2,0.0,1.3,87.7,8.7,1,6,0,8,3,45.239999999999995,0.0,41.6,0.6258992805755396,1.0
17,3.5,3.9,2.6,73.9,5.5,1,4,2,2,2,19.25,7.8,7.0,0.6111111111111112,0.47297297297297297
22,3.5,2.1,4.9,97.0,7.2,2,5,0,9,2,25.2,18.900000000000002,31.5,0.6728971962616823,0.625
20,3.0,3.0,1.7,79.0,7.4,1,4,2,8,2,22.200000000000003,24.0,24.0,0.7115384615384616,0.5
17,3.7,3.9,2.2,68.3,5.8,1,0,2,8,2,21.46,31.2,29.6,0.6105263157894737,0.48684210526315796
23,4.7,0.9,1.0,83.9,4.7,1,5,1,3,3,22.090000000000003,2.7,14.100000000000001,0.5,0.8392857142857142
23,2.2,1.6,2.0,85.3,6.5,2,5,1,4,2,14.3,6.4,8.8,0.7471264367816093,0.5789473684210527
17,2.5,2.2,2.3,86.6,6.3,1,0,2,2,1,15.75,4.4,5.0,0.7159090909090908,0.5319148936170213
21,3.0,1.6,2.0,98.6,6.0,2,5,2,2,2,18.0,3.2,6.0,0.6666666666666666,0.6521739130434783
20,1.5,4.6,0.7,82.6,7.0,2,1,2,4,1,10.5,18.4,6.0,0.8235294117647058,0.24590163934426232
20,2.3,1.5,2.0,83.8,5.6,1,3,1,6,1,12.879999999999999,9.0,13.799999999999999,0.7088607594936709,0.6052631578947368
22,2.8,1.8,3.4,74.0,5.1,2,6,1,5,1,14.279999999999998,9.0,14.0,0.6455696202531646,0.6086956521739131
20,4.8,2.7,2.3,93.2,6.6,2,1,2,1,2,31.679999999999996,2.7,4.8,0.5789473684210527,0.64
23,3.9,1.1,2.9,86.8,7.0,1,1,1,10,2,27.3,11.0,39.0,0.6422018348623852,0.78
19,3.8,2.0,1.5,80.8,5.1,0,0,1,1,1,19.38,2.0,3.8,0.5730337078651686,0.6551724137931034
21,4.8,2.9,2.6,66.0,7.6,0,0,1,6,3,36.48,17.4,28.799999999999997,0.6129032258064516,0.6233766233766234
20,3.3,2.1,2.1,99.4,4.4,1,6,2,3,2,14.52,6.300000000000001,9.899999999999999,0.5714285714285715,0.611111111111111
22,4.1,2.4,0.8,72.7,5.8,1,3,2,3,2,23.779999999999998,7.199999999999999,12.299999999999999,0.585858585858586,0.6307692307692307
23,3.3,1.9,2.2,79.1,6.2,1,4,1,7,2,20.46,13.299999999999999,23.099999999999998,0.6526315789473685,0.6346153846153847
19,3.9,0.7,0.7,88.6,5.7,0,1,0,1,2,22.23,0.7,3.9,0.59375,0.8478260869565218
18,2.6,2.9,1.1,73.0,5.8,2,5,0,1,1,15.08,2.9,2.6,0.6904761904761905,0.4727272727272727
18,0.0,4.6,2.0,70.1,8.7,1,3,1,10,1,0.0,46.0,0.0,1.0,0.0
19,3.3,2.5,2.1,63.8,5.5,1,1,1,3,1,18.15,7.5,9.899999999999999,0.625,0.5689655172413793
23,5.6,2.8,0.5,92.2,9.4,1,4,2,8,3,52.64,22.4,44.8,0.6266666666666667,0.6666666666666667
22,4.9,3.3,3.0,79.5,7.0,1,5,1,1,2,34.300000000000004,3.3,4.9,0.5882352941176471,0.5975609756097562
19,4.9,1.0,2.4,100.0,6.6,1,1,1,10,3,32.34,10.0,49.0,0.5739130434782609,0.8305084745762712
21,5.4,4.5,1.0,75.1,7.1,1,2,2,4,3,38.34,18.0,21.6,0.568,0.5454545454545455
21,3.6,2.7,0.1,75.8,9.5,0,6,1,9,3,34.2,24.3,32.4,0.7251908396946565,0.5714285714285714
18,3.8,4.5,1.6,79.3,5.3,2,3,2,4,1,20.139999999999997,18.0,15.2,0.5824175824175825,0.45783132530120474
20,2.6,1.6,1.3,87.4,5.2,2,6,0,10,2,13.520000000000001,16.0,26.0,0.6666666666666666,0.6190476190476191
22,3.0,4.7,1.9,80.3,5.6,1,0,1,8,2,16.799999999999997,37.6,24.0,0.6511627906976744,0.38961038961038963
18,4.4,3.4,1.4,91.1,6.5,2,1,2,7,2,28.6,23.8,30.800000000000004,0.5963302752293578,0.5641025641025641
20,5.3,3.2,0.0,75.2,4.4,2,5,2,3,2,23.32,9.600000000000001,15.899999999999999,0.45360824742268047,0.6235294117647059
20,3.3,2.8,1.4,71.2,6.5,0,5,1,7,2,21.45,19.599999999999998,23.099999999999998,0.6632653061224489,0.5409836065573771
24,2.8,2.2,1.5,67.0,8.5,2,3,2,7,2,23.799999999999997,15.400000000000002,19.599999999999998,0.7522123893805309,0.5599999999999999
21,3.5,3.9,2.5,62.8,6.7,2,3,2,10,2,23.45,39.0,35.0,0.6568627450980393,0.47297297297297297
23,4.4,2.7,1.0,79.8,6.1,1,6,1,3,3,26.84,8.100000000000001,13.200000000000001,0.5809523809523809,0.6197183098591549
17,1.3,0.1,3.6,82.0,5.8,0,5,1,2,1,7.54,0.2,2.6,0.8169014084507042,0.9285714285714285
23,0.1,1.2,0.0,78.7,7.6,0,5,2,9,1,0.76,10.799999999999999,0.9,0.987012987012987,0.07692307692307693
17,2.7,2.3,3.2,97.4,5.5,0,5,1,1,1,14.850000000000001,2.3,2.7,0.6707317073170732,0.54
19,1.7,2.9,1.6,97.3,8.7,2,1,2,7,1,14.79,20.3,11.9,0.8365384615384616,0.3695652173913044
21,2.7,2.4,2.7,81.7,8.8,1,5,2,4,1,23.760000000000005,9.6,10.8,0.7652173913043478,0.5294117647058825
20,3.3,4.0,1.9,67.1,6.8,2,0,2,2,1,22.439999999999998,8.0,6.6,0.6732673267326733,0.4520547945205479
22,2.8,0.2,3.1,79.3,6.5,2,5,1,2,2,18.2,0.4,5.6,0.6989247311827956,0.9333333333333332
17,5.7,2.7,1.4,79.0,7.7,2,0,1,8,3,43.89,21.6,45.6,0.5746268656716418,0.6785714285714286
23,4.0,0.3,0.6,78.4,7.8,2,1,2,7,3,31.2,2.1,28.0,0.6610169491525423,0.9302325581395349
20,4.0,3.4,3.4,78.0,5.5,0,3,1,7,2,22.0,23.8,28.0,0.5789473684210527,0.5405405405405405
17,4.4,2.4,1.7,78.5,5.9,1,0,1,5,2,25.960000000000004,12.0,22.0,0.5728155339805825,0.6470588235294118
17,1.8,3.0,2.0,81.1,4.9,2,1,1,10,1,8.82,30.0,18.0,0.7313432835820896,0.375
24,5.1,1.5,3.2,78.6,7.0,0,5,0,8,3,35.699999999999996,12.0,40.8,0.578512396694215,0.7727272727272727
17,3.4,4.0,0.7,87.1,7.3,0,1,2,2,2,24.82,8.0,6.8,0.6822429906542057,0.45945945945945943
22,4.5,3.8,2.5,88.6,4.9,2,5,1,2,2,22.05,7.6,9.0,0.5212765957446809,0.5421686746987951
21,1.9,3.2,1.2,75.9,6.0,2,6,2,5,1,11.399999999999999,16.0,9.5,0.7594936708860759,0.37254901960784315
22,1.2,2.3,1.7,97.7,4.9,1,1,0,1,0,5.88,2.3,1.2,0.8032786885245902,0.34285714285714286
18,4.7,3.2,1.9,75.2,5.4,2,3,2,6,2,25.380000000000003,19.200000000000003,28.200000000000003,0.5346534653465346,0.5949367088607594
20,4.1,1.7,0.1,68.8,7.2,2,0,1,4,2,29.52,6.8,16.4,0.6371681415929203,0.7068965517241379
21,2.1,3.5,0.9,88.8,5.6,1,6,2,6,2,11.76,21.0,12.600000000000001,0.7272727272727273,0.37500000000000006
24,2.2,4.5,3.3,76.8,6.1,0,3,2,7,1,13.42,31.5,15.400000000000002,0.7349397590361445,0.3283582089552239
21,5.2,3.8,2.8,88.2,4.5,2,2,0,3,2,23.400000000000002,11.399999999999999,15.600000000000001,0.4639175257731959,0.5777777777777778
21,1.7,1.6,1.7,61.0,6.7,1,5,2,8,2,11.39,12.8,13.6,0.7976190476190476,0.5151515151515151
23,6.0,2.9,2.1,98.9,6.4,0,0,1,7,3,38.400000000000006,20.3,42.0,0.5161290322580645,0.6741573033707865
21,2.1,0.9,1.5,91.7,5.6,1,3,2,1,1,11.76,0.9,2.1,0.7272727272727273,0.7000000000000001
24,4.5,3.2,3.3,70.0,6.3,2,0,2,6,1,28.349999999999998,19.200000000000003,27.0,0.5833333333333333,0.5844155844155844
22,3.0,3.0,1.6,70.2,6.7,1,2,2,7,2,20.1,21.0,21.0,0.6907216494845362,0.5
21,4.4,0.3,2.1,100.0,5.5,1,4,2,4,3,24.200000000000003,1.2,17.6,0.5555555555555556,0.9361702127659575
19,2.7,1.1,3.1,77.6,4.7,1,5,1,2,1,12.690000000000001,2.2,5.4,0.6351351351351351,0.7105263157894737
20,3.3,2.2,0.9,76.7,8.7,2,5,0,10,3,28.709999999999997,22.0,33.0,0.725,0.6
21,3.6,2.1,3.5,62.3,5.7,0,1,1,9,2,20.52,18.900000000000002,32.4,0.6129032258064516,0.631578947368421
20,2.0,1.0,0.1,81.5,6.4,1,5,1,7,2,12.8,7.0,14.0,0.7619047619047619,0.6666666666666666
19,4.6,3.0,3.6,82.7,7.7,2,5,2,1,2,35.419999999999995,3.0,4.6,0.6260162601626016,0.6052631578947368
19,2.7,2.8,1.4,92.2,10.0,0,3,1,8,3,27.0,22.4,21.6,0.7874015748031497,0.49090909090909096
20,3.2,2.3,1.5,71.0,5.0,2,6,2,3,1,16.0,6.8999999999999995,9.600000000000001,0.6097560975609757,0.5818181818181819
17,2.0,1.6,0.0,69.8,7.0,2,5,1,4,1,14.0,6.4,8.0,0.7777777777777778,0.5555555555555556
18,0.0,3.8,1.3,89.5,5.7,2,5,1,5,0,0.0,19.0,0.0,1.0,0.0
23,3.2,4.5,0.7,95.1,5.9,1,2,2,1,1,18.880000000000003,4.5,3.2,0.6483516483516483,0.4155844155844156
17,7.1,1.9,1.1,69.3,5.6,2,6,1,6,3,39.76,11.399999999999999,42.599999999999994,0.4409448818897638,0.7888888888888889
17,4.7,1.8,1.6,95.8,5.1,2,2,2,10,3,23.97,18.0,47.0,0.520408163265306,0.7230769230769231
22,3.5,3.1,2.9,85.4,6.5,2,0,1,6,1,22.75,18.6,21.0,0.65,0.5303030303030303
23,3.1,2.1,2.0,95.9,4.7,0,0,2,2,1,14.57,4.2,6.2,0.6025641025641025,0.5961538461538461
23,3.5,2.3,2.1,84.3,7.6,2,5,0,10,3,26.599999999999998,23.0,35.0,0.6846846846846847,0.603448275862069
17,4.3,3.4,0.6,59.8,6.6,1,5,1,6,2,28.38,20.4,25.799999999999997,0.6055045871559633,0.5584415584415585
21,1.7,0.2,0.8,83.5,7.0,0,1,2,8,1,11.9,1.6,13.6,0.8045977011494253,0.8947368421052632
22,5.2,4.1,3.8,95.6,5.9,1,0,2,6,2,30.680000000000003,24.599999999999998,31.200000000000003,0.5315315315315315,0.5591397849462365
22,4.6,2.6,1.0,76.1,6.1,2,3,1,4,2,28.059999999999995,10.4,18.4,0.5700934579439252,0.638888888888889
19,4.6,2.0,3.6,81.1,6.8,1,5,1,4,3,31.279999999999998,8.0,18.4,0.5964912280701755,0.6969696969696969
24,4.2,2.4,1.5,83.2,5.1,1,3,1,9,3,21.419999999999998,21.599999999999998,37.800000000000004,0.5483870967741935,0.6363636363636365
23,3.5,2.5,1.8,56.0,6.1,2,5,1,6,2,21.349999999999998,15.0,21.0,0.6354166666666666,0.5833333333333334
17,4.5,0.4,3.0,100.0,5.5,1,3,2,8,3,24.75,3.2,36.0,0.55,0.9183673469387754
19,4.4,4.3,3.2,76.0,5.4,2,4,2,8,2,23.760000000000005,34.4,35.2,0.5510204081632653,0.5057471264367817
20,3.0,2.5,1.7,90.1,4.0,1,3,0,7,2,12.0,17.5,21.0,0.5714285714285714,0.5454545454545454
18,2.6,3.0,1.4,84.1,8.1,1,6,1,3,2,21.06,9.0,7.800000000000001,0.7570093457943925,0.46428571428571436
24,3.7,3.6,1.7,97.6,5.7,2,0,2,10,2,21.090000000000003,36.0,37.0,0.6063829787234043,0.5068493150684932
24,5.8,1.3,2.2,89.1,7.9,2,5,1,1,3,45.82,1.3,5.8,0.5766423357664234,0.8169014084507042
24,1.6,3.1,2.8,82.7,7.8,1,0,2,5,1,12.48,15.5,8.0,0.8297872340425532,0.3404255319148936
22,1.3,2.2,1.8,76.1,5.0,2,6,0,10,1,6.5,22.0,13.0,0.7936507936507937,0.37142857142857144
20,3.7,3.5,2.5,93.0,5.2,0,6,2,10,3,19.240000000000002,35.0,37.0,0.5842696629213483,0.513888888888889
24,3.6,0.0,3.6,66.3,9.6,1,3,1,2,2,34.56,0.0,7.2,0.7272727272727273,1.0
20,3.8,2.4,2.2,91.5,8.6,1,2,2,10,3,32.68,24.0,38.0,0.6935483870967742,0.6129032258064516
21,3.9,1.8,2.1,74.0,6.5,0,2,1,2,2,25.349999999999998,3.6,7.8,0.625,0.6842105263157895
24,3.2,3.0,0.1,97.5,6.8,1,6,1,7,3,21.76,21.0,22.400000000000002,0.6799999999999999,0.5161290322580645
18,5.7,3.1,0.0,86.6,5.7,1,2,2,3,3,32.49,9.3,17.1,0.5,0.6477272727272727
20,1.1,1.7,2.2,91.4,7.0,0,5,0,8,1,7.700000000000001,13.6,8.8,0.8641975308641976,0.3928571428571429
20,2.3,1.6,1.7,85.8,5.6,1,1,1,9,1,12.879999999999999,14.4,20.7,0.7088607594936709,0.5897435897435898
18,3.3,2.4,1.2,67.5,4.1,1,4,1,8,2,13.529999999999998,19.2,26.4,0.5540540540540541,0.5789473684210527
24,1.0,1.4,2.1,76.4,4.9,1,3,1,6,1,4.9,8.399999999999999,6.0,0.8305084745762712,0.4166666666666667
18,3.2,3.5,1.7,91.7,6.5,2,1,2,5,2,20.8,17.5,16.0,0.6701030927835052,0.47761194029850745
20,6.0,2.1,3.0,86.7,5.1,2,2,2,3,3,30.599999999999998,6.300000000000001,18.0,0.45945945945945943,0.7407407407407408
18,3.5,0.0,1.9,96.8,6.4,1,3,0,3,2,22.400000000000002,0.0,10.5,0.6464646464646465,1.0
20,3.8,2.1,1.0,89.0,5.2,2,1,2,7,2,19.759999999999998,14.700000000000001,26.599999999999998,0.5777777777777778,0.6440677966101694
20,1.6,1.3,2.9,75.3,5.6,2,0,1,5,1,8.959999999999999,6.5,8.0,0.7777777777777778,0.5517241379310345
21,2.6,0.5,1.6,77.0,7.5,1,2,2,6,2,19.5,3.0,15.600000000000001,0.7425742574257426,0.8387096774193549
17,2.9,1.0,2.4,86.0,6.8,0,1,1,6,2,19.72,6.0,17.4,0.7010309278350516,0.7435897435897436
20,3.0,2.6,1.3,61.9,6.5,2,5,2,9,2,19.5,23.400000000000002,27.0,0.6842105263157895,0.5357142857142857
24,5.4,4.1,1.1,100.0,7.6,1,0,1,1,2,41.04,4.1,5.4,0.5846153846153845,0.5684210526315789
19,4.3,2.9,1.9,89.4,7.1,2,2,1,8,2,30.529999999999998,23.2,34.4,0.6228070175438597,0.5972222222222222
